date,region1_tmin,region2_tmin,region1_tmax,region2_tmax,region1_tavg,region2_tavg,region1_precip,region2_precip
190001,15.8,1.5,36.5,26.3,26.2,13.9,3.88,5.92
190002,15.7,4.4,35.0,26.7,25.4,15.5,7.96,6.89
190003,19.6,9.8,40.7,33.5,30.2,21.6,5.97,5.74
190004,35.1,28.4,57.4,50.6,46.3,39.5,2.18,1.91
190005,42.3,34.2,68.9,59.2,55.6,46.7,4.75,5.10
190006,54.4,48.3,77.6,73.8,66.0,61.1,2.55,3.87
190007,60.3,53.7,82.8,75.9,71.6,64.8,3.20,3.51
190008,59.5,52.5,82.1,74.9,70.8,63.7,2.35,2.14
190009,53.0,44.6,76.3,68.0,64.7,56.3,2.90,3.08
190010,45.1,38.0,64.3,57.9,54.7,48.0,3.60,4.65
190011,32.1,24.3,50.1,40.1,41.1,32.2,6.07,5.43
190012,19.4,6.0,38.0,25.2,28.7,15.6,2.62,1.65
190101,15.5,1.4,33.3,20.6,24.4,11.0,1.78,3.47
190102,10.8,0.8,28.3,21.5,19.6,11.1,0.77,1.74
190103,24.4,13.5,42.0,34.0,33.2,23.8,6.92,5.10
190104,36.5,31.4,53.8,49.5,45.2,40.4,10.05,5.55
190105,44.5,40.0,65.2,61.5,54.8,50.8,7.38,3.06
190106,54.4,48.9,78.1,72.6,66.2,60.8,1.56,2.81
190107,62.7,54.3,82.4,76.6,72.5,65.5,5.20,3.36
190108,59.5,52.8,79.0,73.8,69.2,63.3,7.55,3.91
190109,51.3,44.6,73.0,67.6,62.1,56.1,5.39,2.77
190110,37.8,33.3,62.4,54.5,50.1,43.9,3.32,3.62
190111,24.8,18.2,42.1,34.5,33.4,26.3,2.44,2.32
190112,19.0,9.9,37.1,28.2,28.0,19.0,9.81,7.14
190201,13.5,1.4,32.6,23.6,23.0,12.5,2.43,3.09
190202,15.0,6.1,32.8,27.3,23.9,16.7,5.74,2.23
190203,30.4,22.7,49.6,41.7,40.0,32.2,6.28,8.02
190204,35.2,29.7,57.4,48.8,46.3,39.2,3.85,2.90
190205,43.7,36.7,68.3,59.2,56.0,47.9,1.88,3.51
190206,51.9,43.9,74.6,66.2,63.2,55.1,4.24,6.08
190207,57.3,49.9,77.0,72.6,67.2,61.3,4.93,2.68
190208,54.8,49.3,77.4,70.7,66.1,60.0,2.43,4.25
190209,50.9,45.0,70.8,66.3,60.8,55.6,7.19,3.23
190210,40.6,33.4,61.0,54.2,50.8,43.8,6.25,4.47
190211,33.7,25.0,53.5,43.7,43.6,34.3,1.35,1.70
190212,15.6,4.1,34.6,25.4,25.1,14.7,6.84,4.76
190301,15.9,1.5,34.4,25.3,25.2,13.4,3.74,3.58
190302,18.3,4.9,36.6,28.5,27.4,16.7,5.34,4.16
190303,32.7,22.0,53.2,43.3,43.0,32.7,6.95,6.13
190304,35.1,27.8,57.5,50.0,46.3,38.9,3.04,2.10
190305,44.7,37.4,72.7,65.8,58.7,51.6,0.71,0.73
190306,50.3,45.5,68.2,66.4,59.2,56.0,9.44,3.69
190307,58.8,50.5,80.4,72.0,69.6,61.3,3.41,4.36
190308,52.8,46.3,72.3,68.3,62.6,57.3,6.47,2.56
190309,49.4,43.9,72.0,68.6,60.7,56.2,2.21,1.42
190310,41.2,34.0,60.7,53.7,51.0,43.8,4.64,2.98
190311,25.5,20.5,45.8,38.2,35.6,29.4,2.06,2.31
190312,13.9,4.4,32.8,24.3,23.3,14.3,3.99,3.19
190401,7.0,-4.8,26.8,16.6,16.9,5.9,3.85,3.75
190402,8.2,-3.8,28.9,18.8,18.6,7.5,3.16,2.07
190403,22.5,13.5,40.8,34.1,31.7,23.8,3.42,3.14
190404,31.6,27.0,54.1,46.1,42.9,36.5,6.82,4.06
190405,46.8,41.8,71.8,66.0,59.3,53.9,3.13,4.75
190406,52.6,46.4,75.2,70.0,63.9,58.2,2.84,2.76
190407,59.2,54.1,78.9,76.1,69.0,65.1,2.85,4.04
190408,55.9,49.2,77.0,71.1,66.5,60.2,5.60,4.20
190409,49.3,40.6,70.8,61.6,60.0,51.1,4.97,6.09
190410,35.8,32.7,59.0,50.5,47.4,41.6,2.68,3.01
190411,25.1,18.1,43.8,35.0,34.4,26.6,1.79,1.79
190412,12.2,-1.9,30.4,17.4,21.3,7.8,3.18,1.94
190501,12.2,-4.8,30.3,19.4,21.2,7.3,3.97,4.07
190502,7.8,-2.2,28.0,21.2,17.9,9.5,1.60,1.66
190503,22.9,11.9,44.2,35.3,33.6,23.6,3.61,1.20
190504,33.6,27.5,57.2,48.9,45.4,38.2,3.27,1.69
190505,45.1,37.1,68.3,61.0,56.7,49.1,1.31,3.02
190506,52.6,46.1,74.9,68.3,63.8,57.2,4.64,3.69
190507,60.8,54.0,81.6,76.3,71.2,65.1,3.11,3.58
190508,55.7,47.9,76.2,72.4,66.0,60.2,4.59,2.14
190509,50.1,43.4,70.2,62.6,60.2,53.0,5.08,4.13
190510,39.4,30.7,62.2,54.7,50.8,42.7,2.64,1.30
190511,26.4,21.5,48.4,37.9,37.4,29.8,2.46,3.78
190512,21.6,9.4,40.7,28.6,31.1,19.0,4.33,3.20
190601,21.2,8.8,40.0,29.3,30.6,19.0,3.18,2.87
190602,15.1,3.2,36.5,27.8,25.8,15.5,2.79,2.21
190603,19.6,7.6,37.9,29.7,28.8,18.6,5.48,4.78
190604,33.7,25.2,57.8,46.2,45.8,35.7,4.33,2.99
190605,44.6,37.3,69.4,58.4,57.0,47.9,5.50,4.14
190606,54.2,47.0,76.7,70.9,65.5,58.9,3.72,3.88
190607,59.9,53.5,79.3,76.2,69.6,64.9,5.30,4.25
190608,60.7,51.8,80.4,76.6,70.5,64.2,2.59,1.97
190609,52.0,42.8,75.1,66.6,63.6,54.7,2.88,1.95
190610,40.3,33.3,61.4,54.8,50.9,44.1,5.75,5.52
190611,29.6,24.9,47.1,36.6,38.4,30.7,2.40,3.51
190612,16.6,2.1,34.2,23.7,25.4,12.9,3.45,3.51
190701,14.8,-4.9,34.5,20.0,24.6,7.6,3.76,2.78
190702,6.1,-6.0,27.8,20.3,17.0,7.2,2.65,2.37
190703,25.0,10.3,45.5,35.1,35.2,22.7,1.97,2.45
190704,30.4,25.1,52.0,45.0,41.2,35.1,3.08,3.95
190705,40.0,34.5,62.6,56.0,51.4,45.2,4.35,2.32
190706,50.4,45.7,73.6,71.3,62.0,58.5,3.50,5.06
190707,58.9,54.1,80.9,73.8,69.9,64.0,1.73,5.36
190708,55.0,50.6,78.4,71.3,66.7,60.9,1.53,2.86
190709,53.3,44.2,71.7,64.1,62.5,54.1,8.40,6.29
190710,34.6,30.0,57.2,50.8,46.0,40.4,5.28,4.45
190711,30.3,22.8,47.5,39.2,38.9,31.0,6.35,4.13
190712,23.7,13.8,40.2,31.3,32.0,22.5,5.37,3.41
190801,16.8,4.2,36.1,26.6,26.4,15.4,3.77,2.74
190802,11.7,-0.3,31.6,24.3,21.6,12.0,5.91,4.37
190803,25.7,12.2,44.9,34.8,35.3,23.5,3.56,2.71
190804,34.4,23.6,56.9,46.7,45.6,35.2,2.12,2.45
190805,47.8,39.2,69.4,63.4,58.6,51.3,6.08,4.68
190806,54.6,48.1,79.7,74.9,67.2,61.5,1.89,2.05
190807,61.8,54.2,83.6,79.3,72.7,66.8,4.75,3.24
190808,57.1,50.0,77.4,71.9,67.2,61.0,6.29,3.94
190809,51.6,44.5,74.6,72.1,63.1,58.3,1.26,1.32
190810,41.6,34.2,65.1,59.0,53.4,46.6,2.02,3.81
190811,29.7,23.1,47.5,38.8,38.6,31.0,0.95,1.79
190812,20.0,3.4,38.1,25.4,29.0,14.4,3.74,3.20
190901,18.1,1.7,36.4,23.4,27.2,12.5,3.69,5.36
190902,20.8,2.2,39.5,26.5,30.1,14.4,6.93,4.91
190903,24.2,13.5,41.4,33.5,32.8,23.5,4.10,4.10
190904,34.0,26.0,55.9,45.2,45.0,35.6,5.96,4.14
190905,44.6,38.7,66.6,58.6,55.6,48.6,3.25,3.08
190906,55.2,46.8,77.6,73.0,66.4,59.9,2.85,2.65
190907,56.5,51.3,80.4,73.6,68.4,62.4,1.80,3.14
190908,54.8,48.4,78.0,74.9,66.4,61.7,4.17,2.37
190909,49.6,43.6,71.2,65.5,60.4,54.6,4.91,7.51
190910,37.1,36.5,59.2,53.8,48.2,45.1,1.50,1.94
190911,32.9,26.3,52.0,42.4,42.4,34.3,2.42,4.42
190912,17.9,12.7,33.0,26.2,25.5,19.4,3.81,2.54
191001,17.1,7.1,35.3,27.7,26.2,17.4,6.45,3.35
191002,15.7,2.9,34.4,25.4,25.0,14.1,4.39,3.41
191003,28.0,19.4,51.3,39.6,39.6,29.5,1.64,1.85
191004,37.5,34.2,62.0,51.7,49.8,43.0,3.90,4.02
191005,44.7,38.5,66.9,60.4,55.8,49.4,2.97,2.77
191006,52.8,47.3,73.9,67.5,63.4,57.4,4.22,3.52
191007,60.0,53.9,83.9,77.3,71.9,65.6,2.34,3.91
191008,55.6,50.3,77.1,72.6,66.4,61.4,2.99,2.96
191009,50.5,41.9,72.7,64.9,61.6,53.4,3.11,2.51
191010,41.0,34.5,63.9,53.6,52.5,44.1,1.59,2.29
191011,28.5,26.0,44.1,36.9,36.3,31.4,4.80,2.39
191012,13.4,5.0,31.1,22.9,22.3,14.0,2.52,2.71
191101,18.8,1.5,36.9,23.8,27.9,12.7,3.22,2.65
191102,15.1,-2.7,32.5,21.9,23.8,9.6,2.78,2.21
191103,21.5,8.7,42.1,32.3,31.8,20.5,3.97,3.99
191104,30.8,24.3,54.4,48.4,42.6,36.3,3.28,1.19
191105,48.8,42.1,73.9,70.9,61.4,56.5,1.40,0.71
191106,53.5,48.2,75.2,70.5,64.4,59.3,2.54,4.63
191107,60.9,56.0,84.8,80.9,72.9,68.4,3.10,4.40
191108,56.6,51.5,78.9,73.6,67.8,62.6,6.69,3.15
191109,49.9,41.7,71.3,62.8,60.6,52.2,3.21,3.23
191110,38.6,32.1,58.7,52.7,48.6,42.4,6.15,2.16
191111,27.2,21.6,46.2,37.6,36.7,29.6,5.62,4.00
191112,25.4,15.7,41.7,31.4,33.6,23.5,3.36,3.26
191201,6.4,-6.1,25.8,16.2,16.1,5.0,2.33,3.28
191202,12.6,2.1,31.7,24.9,22.2,13.5,2.64,3.06
191203,21.4,10.8,41.4,32.8,31.4,21.8,7.91,3.84
191204,34.0,25.8,55.8,47.2,44.9,36.5,4.69,2.87
191205,45.7,39.8,68.6,63.0,57.2,51.4,5.47,6.49
191206,50.9,44.6,77.0,69.4,64.0,57.0,0.87,2.17
191207,59.0,53.2,82.1,76.2,70.6,64.7,2.87,3.31
191208,55.1,49.1,76.3,67.7,65.7,58.4,4.58,5.84
191209,50.6,42.5,70.6,63.5,60.6,53.0,2.93,3.20
191210,40.6,35.3,64.0,56.4,52.3,45.9,2.78,4.93
191211,31.1,25.1,50.4,40.6,40.8,32.8,4.22,4.47
191212,24.6,12.6,41.5,31.2,33.1,21.9,5.27,3.33
191301,24.4,10.9,44.0,30.9,34.2,20.9,3.45,3.34
191302,13.5,-0.1,33.4,22.0,23.4,11.0,2.80,2.21
191303,28.5,17.4,50.0,39.0,39.2,28.2,6.02,5.29
191304,36.0,28.9,57.9,51.7,47.0,40.3,5.64,2.21
191305,43.6,36.3,66.5,58.6,55.1,47.5,3.39,3.57
191306,52.3,44.6,78.0,70.7,65.2,57.6,1.45,1.31
191307,58.5,53.8,83.3,76.4,70.9,65.1,2.10,3.78
191308,56.3,49.3,80.2,74.3,68.3,61.8,3.56,3.09
191309,48.1,41.4,70.2,65.1,59.1,53.2,3.56,3.70
191310,45.8,42.2,62.0,57.0,53.9,49.6,8.92,6.41
191311,32.2,26.0,51.0,43.3,41.6,34.7,2.79,2.19
191312,23.5,13.7,41.2,30.5,32.3,22.1,3.47,3.40
191401,15.4,-2.4,33.9,20.0,24.7,8.8,3.44,3.06
191402,8.9,-7.6,29.5,18.8,19.2,5.6,3.41,2.05
191403,23.5,17.2,41.2,34.5,32.3,25.8,4.58,3.79
191404,32.1,23.1,53.4,44.1,42.7,33.6,4.65,4.13
191405,46.2,39.8,71.6,64.7,58.9,52.2,2.79,1.84
191406,52.3,44.5,75.8,68.9,64.0,56.7,2.16,3.85
191407,57.2,50.6,76.6,74.5,66.9,62.5,4.02,2.74
191408,58.7,50.2,78.6,72.5,68.7,61.4,2.24,3.48
191409,47.7,43.3,74.4,67.5,61.1,55.4,0.39,2.09
191410,42.8,34.9,65.1,56.8,53.9,45.9,3.14,3.07
191411,27.9,19.4,48.2,37.4,38.1,28.4,3.03,2.65
191412,17.9,5.6,34.1,25.3,26.0,15.5,3.72,1.95
191501,19.6,5.6,36.3,26.2,28.0,15.9,7.14,3.37
191502,20.7,9.5,38.4,30.3,29.6,19.9,5.76,3.88
191503,21.7,15.4,42.2,34.2,31.9,24.8,0.28,0.46
191504,36.9,30.5,62.1,50.7,49.5,40.6,2.19,3.05
191505,42.5,37.2,65.1,59.5,53.8,48.3,2.71,3.52
191506,51.9,45.9,75.5,71.2,63.7,58.5,1.81,2.37
191507,58.6,52.5,79.1,74.3,68.9,63.4,6.37,6.81
191508,56.7,52.1,75.5,71.6,66.1,61.8,7.92,3.66
191509,53.0,46.6,75.2,67.4,64.1,57.0,2.42,2.45
191510,41.1,35.6,61.3,55.8,51.2,45.7,2.98,2.52
191511,30.6,25.7,49.8,40.0,40.2,32.9,2.39,2.85
191512,19.9,15.0,35.0,29.3,27.5,22.1,5.03,3.54
191601,19.0,5.4,39.1,26.0,29.0,15.7,1.51,2.49
191602,12.1,1.5,30.5,22.9,21.2,12.2,5.27,3.43
191603,17.1,7.3,35.5,29.4,26.3,18.3,3.65,2.17
191604,33.8,28.6,53.3,49.8,43.5,39.2,3.13,3.11
191605,45.0,39.0,67.3,61.2,56.1,50.1,4.01,4.39
191606,50.8,47.8,70.8,67.7,60.8,57.8,4.47,4.62
191607,61.8,55.5,80.6,77.3,71.2,66.4,7.10,4.71
191608,58.2,52.9,81.0,76.1,69.6,64.5,2.49,2.82
191609,49.9,45.5,73.0,66.2,61.4,55.9,3.55,4.12
191610,39.2,33.0,63.7,55.6,51.4,44.3,1.71,3.01
191611,28.5,20.3,48.4,37.0,38.4,28.6,3.10,3.07
191612,21.1,12.2,35.4,26.3,28.2,19.3,3.27,4.73
191701,16.3,1.6,35.0,21.8,25.6,11.7,3.18,4.19
191702,12.4,-4.2,31.3,21.3,21.9,8.5,2.45,2.29
191703,24.8,14.0,42.3,34.7,33.6,24.4,5.13,3.42
191704,32.5,28.1,54.1,44.8,43.3,36.5,2.36,2.87
191705,39.0,34.1,58.8,52.9,48.9,43.5,3.73,3.30
191706,54.7,48.5,75.2,67.9,65.0,58.2,4.16,9.36
191707,61.1,56.1,80.7,76.8,70.9,66.4,3.01,3.75
191708,59.9,55.1,81.1,74.9,70.5,65.0,5.10,5.57
191709,45.4,39.7,69.2,64.9,57.3,52.3,1.83,1.58
191710,36.1,33.6,57.2,50.5,46.6,42.0,6.07,6.16
191711,24.2,19.1,44.9,34.5,34.5,26.8,0.80,1.44
191712,10.1,-2.5,28.0,18.5,19.0,8.0,2.83,2.99
191801,6.4,-4.1,24.5,15.8,15.4,5.8,3.64,2.96
191802,11.6,-3.4,34.0,22.8,22.8,9.7,3.05,3.02
191803,24.2,10.4,47.2,33.9,35.7,22.2,2.29,1.98
191804,33.6,27.0,57.6,51.1,45.6,39.0,4.21,2.20
191805,48.3,41.6,73.2,65.8,60.8,53.7,3.64,2.81
191806,50.8,43.6,73.7,67.6,62.3,55.6,4.09,4.01
191807,58.0,55.2,80.4,75.1,69.2,65.1,3.70,6.25
191808,58.6,50.5,80.9,74.0,69.8,62.3,2.98,2.63
191809,46.8,42.5,68.4,61.8,57.6,52.2,6.83,6.56
191810,41.1,34.5,63.7,54.0,52.4,44.3,1.39,4.80
191811,30.4,25.6,49.3,39.6,39.9,32.6,2.99,3.64
191812,22.3,10.4,39.4,27.6,30.8,19.0,3.95,3.16
191901,20.1,6.0,37.6,25.3,28.9,15.6,3.72,3.13
191902,19.5,7.6,36.5,28.6,28.0,18.1,3.14,2.14
191903,27.8,18.2,48.1,38.6,37.9,28.4,6.70,4.02
191904,33.5,28.4,55.1,46.2,44.3,37.3,3.74,3.08
191905,45.1,38.9,68.8,61.9,57.0,50.4,5.56,3.94
191906,55.0,49.0,79.0,75.6,67.0,62.3,2.32,2.35
191907,60.2,54.8,80.6,77.8,70.4,66.3,5.01,3.66
191908,55.5,50.4,75.4,71.1,65.5,60.8,5.07,2.54
191909,50.8,43.7,71.2,63.3,61.0,53.5,5.37,4.14
191910,42.5,32.7,63.4,51.9,52.9,42.3,2.93,3.76
191911,29.9,24.0,48.2,37.8,39.0,30.9,5.21,3.97
191912,14.5,2.0,33.2,22.9,23.9,12.4,2.82,1.71
192001,7.2,-7.8,27.3,15.4,17.2,3.8,3.18,2.11
192002,12.9,3.3,31.3,24.0,22.1,13.6,5.00,5.52
192003,23.7,14.8,45.4,37.7,34.5,26.3,4.28,3.36
192004,32.5,27.0,52.1,44.7,42.3,35.9,5.66,6.34
192005,42.0,36.3,65.0,63.2,53.5,49.8,3.86,1.65
192006,52.7,47.4,74.5,71.7,63.6,59.6,6.74,3.02
192007,57.6,53.2,78.1,75.0,67.9,64.1,5.00,4.21
192008,59.7,54.0,79.2,77.6,69.5,65.8,4.35,3.80
192009,51.8,45.8,73.5,66.3,62.6,56.1,5.59,6.60
192010,43.8,38.4,67.1,59.7,55.4,49.0,2.01,3.04
192011,29.5,20.3,45.0,35.3,37.2,27.8,5.68,3.33
192012,24.1,13.4,38.8,27.4,31.5,20.4,6.08,5.32
192101,16.3,4.7,37.4,25.7,26.8,15.2,2.98,1.85
192102,18.7,3.5,37.3,27.1,28.0,15.3,3.25,2.45
192103,31.2,21.6,54.4,41.9,42.8,31.8,3.81,3.30
192104,39.2,31.4,63.4,54.0,51.3,42.8,5.05,3.11
192105,44.2,38.7,69.2,66.3,56.7,52.5,3.38,1.67
192106,53.4,47.7,78.4,71.8,65.9,59.7,3.13,1.88
192107,62.9,57.6,82.1,82.3,72.5,70.0,5.13,3.06
192108,55.1,49.2,77.2,73.0,66.2,61.1,3.00,4.24
192109,54.1,44.9,76.9,69.2,65.5,57.1,3.02,2.80
192110,39.0,34.3,62.4,54.6,50.7,44.4,1.45,3.30
192111,30.6,20.6,45.9,32.8,38.2,26.7,6.13,4.77
192112,18.2,7.0,36.2,26.1,27.2,16.6,2.73,2.14
192201,12.4,-2.2,31.8,21.5,22.1,9.7,1.97,2.33
192202,18.2,1.8,36.4,25.1,27.3,13.4,2.54,2.66
192203,25.8,17.9,45.9,38.5,35.9,28.2,5.57,3.36
192204,34.6,29.6,57.9,49.6,46.2,39.6,2.58,2.83
192205,46.0,39.7,72.5,64.8,59.2,52.3,5.53,2.89
192206,57.1,51.8,76.7,70.8,66.9,61.3,6.78,8.98
192207,59.2,53.5,79.7,76.0,69.4,64.7,5.18,2.43
192208,57.2,52.2,77.3,73.8,67.3,63.0,5.61,4.71
192209,50.8,43.2,74.0,67.3,62.4,55.3,2.34,1.67
192210,40.2,34.0,63.4,51.8,51.8,42.9,2.72,2.84
192211,30.4,24.2,48.2,38.2,39.3,31.2,1.29,2.16
192212,18.4,3.4,35.1,23.7,26.7,13.5,3.42,2.74
192301,12.3,-2.2,31.0,19.9,21.6,8.8,6.87,4.98
192302,8.9,-6.6,28.7,18.3,18.8,5.9,2.06,1.68
192303,20.5,5.4,41.0,28.6,30.7,17.0,3.72,3.65
192304,33.5,24.5,57.8,44.9,45.7,34.7,4.83,5.98
192305,42.4,37.6,67.7,60.4,55.1,49.0,2.17,1.85
192306,55.3,47.1,79.1,71.9,67.2,59.5,4.15,2.70
192307,56.4,51.1,79.1,73.2,67.8,62.1,3.07,3.39
192308,54.2,47.9,78.8,70.4,66.5,59.2,2.28,2.66
192309,51.7,44.4,73.3,66.6,62.5,55.5,3.26,2.22
192310,38.9,34.2,61.8,56.2,50.3,45.2,6.26,3.54
192311,29.2,24.9,49.1,41.9,39.2,33.4,4.04,3.76
192312,27.6,19.4,43.9,33.5,35.8,26.4,5.19,3.35
192401,16.7,1.6,37.6,24.7,27.2,13.1,4.32,3.54
192402,12.7,-2.2,31.1,21.2,21.9,9.5,2.87,2.14
192403,24.9,19.4,42.8,35.8,33.9,27.6,1.56,1.35
192404,33.3,26.9,54.9,44.8,44.1,35.9,6.43,4.72
192405,42.8,37.2,63.0,57.7,52.9,47.4,5.08,3.57
192406,51.9,45.6,74.6,69.7,63.3,57.6,2.04,1.91
192407,57.9,53.3,81.8,77.1,69.9,65.2,1.60,2.99
192408,56.9,51.5,79.5,73.6,68.2,62.6,5.08,3.89
192409,46.5,42.1,69.7,64.7,58.1,53.4,5.24,4.81
192410,37.2,33.7,63.0,56.3,50.1,45.0,0.55,0.91
192411,28.8,23.9,50.0,42.1,39.4,33.0,2.72,3.25
192412,18.2,4.4,36.2,23.0,27.2,13.7,2.33,2.14
192501,12.0,-7.7,32.0,17.8,22.0,5.0,3.47,2.91
192502,23.5,10.7,42.4,32.1,33.0,21.4,3.31,2.99
192503,27.5,19.6,50.1,38.7,38.8,29.2,4.76,4.16
192504,35.0,27.6,59.5,49.6,47.3,38.6,2.55,1.58
192505,41.7,36.0,66.9,58.4,54.3,47.2,3.51,2.06
192506,57.7,48.9,81.1,71.8,69.4,60.4,3.31,5.23
192507,58.0,52.7,79.2,73.4,68.6,63.1,5.49,3.85
192508,56.4,51.3,79.7,75.0,68.0,63.1,2.39,1.73
192509,51.6,42.0,71.8,63.3,61.7,52.7,3.48,5.17
192510,33.9,28.6,54.3,44.8,44.1,36.7,4.49,6.23
192511,28.8,22.0,48.3,39.0,38.6,30.5,3.62,4.59
192512,22.2,9.8,36.8,25.7,29.5,17.8,3.18,2.69
192601,17.7,1.9,35.4,22.5,26.5,12.2,2.66,3.13
192602,14.8,2.1,32.3,23.0,23.6,12.6,5.01,3.07
192603,20.8,6.5,39.7,30.2,30.2,18.4,3.33,2.65
192604,30.7,22.7,52.2,41.0,41.4,31.8,3.12,2.84
192605,42.4,35.2,67.7,58.1,55.0,46.6,2.26,2.19
192606,50.2,45.5,72.8,68.0,61.5,56.8,2.02,3.01
192607,58.0,51.6,81.8,75.3,69.9,63.5,3.66,2.57
192608,59.4,51.0,78.2,72.2,68.8,61.6,5.04,3.77
192609,49.3,42.4,70.1,64.1,59.7,53.2,2.92,3.43
192610,38.2,33.4,58.5,52.4,48.4,42.9,4.87,5.07
192611,29.5,23.3,49.5,40.3,39.5,31.8,5.79,5.23
192612,14.4,5.5,32.3,23.0,23.3,14.2,3.62,2.71
192701,15.7,5.8,33.6,25.1,24.6,15.4,2.93,3.00
192702,21.5,3.9,37.3,24.4,29.4,14.1,3.08,2.98
192703,27.6,17.0,48.5,39.2,38.1,28.1,2.00,1.39
192704,32.2,26.7,56.2,50.1,44.2,38.4,2.43,1.35
192705,43.2,36.1,64.5,56.9,53.9,46.5,5.23,4.76
192706,50.8,43.0,73.4,68.7,62.1,55.8,3.08,2.61
192707,59.5,54.4,79.3,75.8,69.4,65.1,4.97,4.18
192708,54.5,49.5,73.9,70.8,64.2,60.1,7.98,4.97
192709,49.8,43.6,72.7,66.8,61.2,55.2,2.45,2.20
192710,42.7,37.5,64.8,55.7,53.8,46.6,6.20,6.20
192711,34.1,26.7,52.8,44.0,43.4,35.4,7.46,6.72
192712,22.2,12.9,39.1,30.9,30.7,21.9,5.86,5.24
192801,18.9,3.1,37.0,24.6,27.9,13.8,2.56,3.55
192802,16.2,1.5,36.0,25.4,26.1,13.5,4.18,2.08
192803,24.2,13.8,42.1,33.1,33.2,23.4,2.94,2.55
192804,32.1,26.3,54.0,45.0,43.0,35.7,4.74,4.00
192805,43.7,38.8,65.6,59.9,54.7,49.3,2.15,4.64
192806,53.5,46.4,72.0,68.0,62.8,57.2,5.75,3.59
192807,61.2,54.2,81.0,76.4,71.1,65.3,6.32,3.88
192808,61.8,55.4,80.0,74.0,70.9,64.7,6.44,4.06
192809,48.7,41.1,68.2,61.8,58.4,51.5,3.52,4.18
192810,40.4,33.5,63.4,53.7,51.9,43.6,1.92,3.32
192811,31.8,21.9,49.8,38.3,40.8,30.1,1.96,2.50
192812,24.5,15.1,41.3,32.0,32.9,23.5,2.56,3.50
192901,14.9,2.1,33.7,23.1,24.3,12.6,4.30,3.76
192902,16.6,3.1,35.8,26.4,26.2,14.7,3.66,2.09
192903,28.2,16.9,49.4,37.0,38.8,26.9,3.92,2.82
192904,35.5,26.7,55.0,46.7,45.3,36.8,7.63,4.73
192905,44.4,38.1,68.6,63.0,56.5,50.6,4.58,4.50
192906,54.4,48.6,78.0,71.0,66.2,59.8,2.12,2.86
192907,57.5,51.2,81.6,76.8,69.6,64.0,1.61,2.34
192908,54.8,49.6,78.0,71.6,66.4,60.6,3.07,2.84
192909,50.9,44.5,75.1,67.4,63.0,56.0,2.16,2.01
192910,37.4,33.6,59.7,52.4,48.6,43.0,3.79,3.33
192911,31.0,22.9,48.3,39.4,39.6,31.1,2.96,2.55
192912,20.6,6.4,35.6,23.7,28.1,15.0,4.12,3.72
193001,17.8,1.9,35.4,24.0,26.6,13.0,2.53,3.14
193002,19.5,2.4,40.6,28.0,30.1,15.2,2.69,1.86
193003,25.1,16.3,44.6,34.4,34.9,25.3,3.61,5.77
193004,32.3,25.3,55.3,47.6,43.8,36.4,2.08,1.66
193005,46.4,39.3,70.6,63.2,58.6,51.2,4.03,3.84
193006,57.4,54.3,79.8,76.0,68.6,65.2,4.24,3.37
193007,59.0,53.3,81.2,75.6,70.1,64.4,2.77,4.13
193008,55.9,51.2,79.4,72.2,67.7,61.7,2.54,3.25
193009,53.8,46.4,76.2,67.6,65.0,57.0,1.55,2.48
193010,37.5,34.7,60.5,55.8,49.0,45.3,2.42,2.69
193011,30.9,25.0,49.3,42.8,40.1,33.9,4.10,2.96
193012,21.7,10.7,36.7,27.5,29.2,19.2,3.02,2.00
193101,15.9,1.4,34.2,23.4,25.1,12.4,3.14,2.88
193102,16.4,6.6,35.6,27.4,26.0,17.0,2.14,1.93
193103,27.5,22.8,43.6,39.2,35.5,31.0,4.83,2.81
193104,35.1,29.8,58.0,52.3,46.5,41.0,3.18,2.63
193105,45.2,39.9,69.2,64.0,57.2,52.0,5.86,3.56
193106,54.7,49.2,76.7,70.6,65.7,59.9,5.76,4.62
193107,62.3,57.5,82.0,77.6,72.1,67.6,3.41,5.21
193108,59.4,52.0,79.6,73.6,69.5,62.8,4.92,3.64
193109,54.2,45.7,75.9,65.7,65.1,55.7,1.63,5.01
193110,42.3,36.2,66.3,57.4,54.3,46.8,2.36,5.12
193111,35.7,28.7,54.2,45.7,45.0,37.2,1.11,1.36
193112,24.5,12.9,42.8,29.8,33.7,21.3,3.08,3.06
193201,27.4,12.2,44.0,31.7,35.7,22.0,4.87,3.65
193202,19.4,2.4,37.5,23.7,28.4,13.0,2.28,1.91
193203,23.0,13.8,41.4,31.6,32.2,22.7,5.00,3.81
193204,32.7,27.9,55.2,47.8,43.9,37.9,2.47,3.23
193205,44.9,37.8,69.9,64.9,57.4,51.3,2.53,2.24
193206,53.7,46.9,76.3,72.3,65.0,59.6,3.80,2.07
193207,57.3,52.4,80.9,73.4,69.1,62.9,3.38,4.34
193208,57.8,54.0,80.9,76.4,69.4,65.2,5.08,4.38
193209,50.6,45.7,73.4,67.3,62.0,56.5,4.35,6.31
193210,43.5,37.4,61.5,55.7,52.5,46.6,5.90,3.73
193211,27.7,20.4,48.2,38.9,37.9,29.6,6.96,4.32
193212,23.0,13.8,41.1,32.6,32.0,23.2,1.99,1.74
193301,24.4,11.3,42.6,32.6,33.5,21.9,2.08,2.49
193302,19.6,9.4,38.8,30.1,29.2,19.8,4.03,2.74
193303,25.8,13.6,40.5,33.3,33.2,23.4,5.35,3.64
193304,35.7,29.5,55.2,47.3,45.4,38.4,5.50,4.96
193305,48.2,38.1,71.3,64.0,59.8,51.1,2.58,2.75
193306,55.6,48.8,79.1,73.2,67.4,61.0,2.21,3.06
193307,58.9,52.3,81.5,74.9,70.2,63.6,2.32,3.45
193308,59.2,51.9,78.1,74.2,68.7,63.1,7.30,3.85
193309,53.5,45.3,72.3,65.7,62.9,55.5,7.05,3.70
193310,39.0,33.9,60.6,53.0,49.8,43.4,2.69,5.19
193311,25.7,14.8,44.7,33.8,35.2,24.3,1.36,2.86
193312,16.6,-0.3,34.7,19.4,25.6,9.6,3.49,3.78
193401,18.7,-1.1,36.6,21.6,27.7,10.2,3.84,3.10
193402,1.6,-9.4,25.1,17.4,13.3,4.0,3.52,2.91
193403,22.0,12.0,43.1,34.9,32.6,23.4,3.47,2.39
193404,34.8,29.5,57.7,50.2,46.2,39.9,5.43,4.81
193405,46.7,39.4,71.7,65.9,59.2,52.7,5.51,1.79
193406,56.6,48.1,79.0,70.5,67.8,59.3,4.13,4.70
193407,60.7,53.4,83.8,77.1,72.3,65.2,2.77,3.99
193408,55.3,48.5,76.8,71.6,66.1,60.0,3.49,2.24
193409,54.9,49.6,72.5,68.5,63.7,59.0,10.14,5.43
193410,37.7,31.8,57.9,50.1,47.8,41.0,2.99,2.66
193411,34.1,26.9,51.0,41.4,42.6,34.1,3.80,3.49
193412,19.3,5.1,35.6,22.6,27.4,13.9,4.02,3.21
193501,12.4,-2.7,31.4,17.4,21.9,7.3,5.15,6.71
193502,15.4,-0.8,34.7,24.8,25.0,12.0,3.15,2.25
193503,27.0,12.9,47.8,35.4,37.4,24.1,2.39,1.81
193504,34.9,28.0,55.1,47.8,45.0,37.9,2.60,3.18
193505,41.9,36.6,66.3,59.7,54.1,48.2,1.87,2.02
193506,54.1,49.9,75.8,70.7,65.0,60.3,5.18,5.52
193507,62.1,56.0,82.7,78.7,72.4,67.4,4.24,3.27
193508,58.0,53.4,79.9,76.8,69.0,65.1,1.36,2.39
193509,48.6,42.2,69.4,63.4,59.0,52.8,4.22,4.34
193510,38.6,32.4,63.2,55.8,50.9,44.1,0.84,1.22
193511,35.4,26.4,51.0,42.2,43.2,34.3,4.32,4.93
193512,18.0,8.5,31.7,22.4,24.8,15.4,1.13,1.97
193601,15.2,3.6,32.0,22.4,23.6,13.0,7.01,6.50
193602,9.2,-0.6,28.3,20.9,18.8,10.2,2.75,2.77
193603,31.5,23.2,50.8,42.0,41.1,32.6,8.27,7.11
193604,33.7,29.0,52.5,45.0,43.1,37.0,3.99,4.18
193605,45.8,39.2,72.2,63.0,59.0,51.2,2.86,4.15
193606,54.7,49.7,76.1,73.0,65.4,61.3,4.41,3.51
193607,58.1,52.0,82.3,73.1,70.2,62.5,2.43,3.11
193608,58.5,50.1,80.7,72.2,69.6,61.1,4.54,2.85
193609,52.1,44.0,71.8,64.8,62.0,54.4,4.29,3.36
193610,40.4,32.5,61.1,53.0,50.8,42.8,4.39,5.14
193611,26.5,18.1,45.5,34.6,36.0,26.4,1.44,2.50
193612,24.1,10.4,41.2,30.1,32.7,20.3,7.43,5.52
193701,24.8,9.8,42.5,30.9,33.7,20.3,5.76,3.47
193702,21.6,10.7,39.2,31.0,30.4,20.9,2.73,2.87
193703,22.5,11.9,39.5,32.9,31.0,22.4,3.77,3.14
193704,33.9,28.0,55.0,50.2,44.5,39.1,4.62,2.60
193705,46.0,40.8,71.9,66.3,59.0,53.6,3.98,4.75
193706,55.6,49.9,77.1,71.9,66.4,60.9,5.12,4.48
193707,59.3,56.1,82.4,79.5,70.9,67.8,3.71,2.61
193708,62.2,57.2,82.2,80.4,72.2,68.8,6.77,2.91
193709,48.1,45.0,71.2,67.9,59.6,56.4,4.15,3.69
193710,38.8,34.1,59.4,53.2,49.1,43.6,5.33,6.00
193711,30.2,25.3,49.0,39.5,39.6,32.4,6.50,4.46
193712,20.8,8.4,35.8,25.4,28.3,16.9,2.40,2.47
193801,15.3,1.2,33.7,23.6,24.5,12.4,5.21,3.58
193802,21.0,4.4,37.4,26.4,29.2,15.4,2.43,2.73
193803,28.3,13.4,48.7,35.6,38.5,24.6,2.14,2.45
193804,36.4,29.6,60.4,51.7,48.4,40.6,3.15,2.82
193805,42.9,37.6,66.4,61.0,54.6,49.3,4.03,3.93
193806,54.3,51.2,76.6,75.3,65.4,63.3,6.83,4.13
193807,61.4,56.8,80.0,75.1,70.7,65.9,9.86,5.95
193808,60.3,55.3,82.3,76.9,71.3,66.1,4.01,3.91
193809,47.8,42.7,69.6,63.8,58.7,53.2,12.96,5.45
193810,42.7,35.3,64.8,58.2,53.7,46.7,2.25,2.65
193811,31.1,23.8,51.6,43.1,41.3,33.4,3.59,2.71
193812,22.8,13.3,37.5,29.4,30.2,21.4,3.72,4.40
193901,16.4,2.0,33.2,23.2,24.8,12.6,3.34,2.04
193902,19.8,2.8,39.1,25.7,29.5,14.2,4.77,3.13
193903,23.3,7.3,41.0,31.0,32.2,19.2,4.90,3.15
193904,32.8,25.5,53.0,44.1,42.9,34.8,4.96,3.95
193905,45.6,36.2,71.7,63.0,58.6,49.6,1.31,2.04
193906,53.9,48.0,77.4,71.2,65.7,59.6,3.34,3.00
193907,58.2,55.1,81.6,78.1,69.9,66.6,1.74,3.32
193908,61.7,55.7,82.6,78.3,72.2,67.0,6.21,3.05
193909,49.6,43.9,72.5,65.1,61.0,54.5,2.75,3.77
193910,39.1,33.8,60.8,53.1,50.0,43.4,5.17,5.02
193911,26.4,20.2,46.0,37.4,36.2,28.8,1.65,0.80
193912,21.6,11.8,38.4,27.2,30.0,19.5,3.32,3.80
194001,9.7,-0.2,26.5,19.4,18.1,9.6,3.05,1.63
194002,18.2,4.9,34.8,27.9,26.5,16.4,2.90,1.94
194003,21.7,13.6,37.5,33.7,29.6,23.6,5.62,3.95
194004,32.2,26.2,52.0,45.2,42.1,35.7,5.91,5.83
194005,45.8,40.6,66.9,62.5,56.3,51.5,6.33,3.12
194006,52.7,48.0,74.9,69.6,63.8,58.8,3.91,4.67
194007,59.1,53.8,81.4,77.4,70.3,65.6,3.55,2.86
194008,54.6,49.9,77.1,75.8,65.9,62.8,2.37,2.01
194009,47.9,44.6,71.6,65.2,59.7,54.9,3.14,4.94
194010,35.5,30.1,57.4,51.3,46.4,40.7,2.25,1.27
194011,31.0,24.6,46.8,38.0,38.9,31.3,6.03,6.00
194012,23.5,7.2,39.3,26.8,31.4,17.0,2.70,3.32
194101,15.0,1.6,30.3,20.4,22.6,11.0,2.56,2.12
194102,17.0,9.4,34.1,28.4,25.6,18.9,2.61,1.68
194103,20.9,13.8,39.1,33.0,30.0,23.4,2.37,3.07
194104,37.5,30.6,64.9,54.5,51.2,42.6,1.24,1.01
194105,44.3,38.4,72.2,64.8,58.3,51.6,3.16,2.45
194106,54.6,48.8,77.7,74.3,66.2,61.5,4.69,2.31
194107,59.9,54.5,80.4,78.8,70.1,66.6,5.64,4.02
194108,55.8,49.1,79.3,72.2,67.6,60.7,3.44,3.86
194109,48.8,43.0,76.3,68.0,62.6,55.5,0.90,2.21
194110,41.6,33.1,63.8,52.2,52.7,42.6,2.33,3.95
194111,32.0,24.3,53.1,41.2,42.5,32.8,3.47,3.27
194112,23.9,12.5,40.7,30.5,32.3,21.5,4.04,2.86
194201,14.4,1.5,33.0,22.8,23.7,12.2,3.73,2.52
194202,15.8,5.0,32.9,23.8,24.4,14.4,2.86,3.09
194203,30.1,22.8,47.4,39.6,38.7,31.2,7.28,5.48
194204,36.6,28.7,61.7,51.5,49.1,40.1,0.89,2.55
194205,49.8,43.0,71.0,66.0,60.4,54.6,3.71,2.31
194206,56.0,50.3,76.3,73.5,66.2,61.9,3.93,6.12
194207,60.1,53.5,80.8,76.2,70.5,64.8,5.60,2.82
194208,57.7,51.8,77.7,75.0,67.8,63.4,5.01,2.80
194209,50.8,44.8,72.8,68.2,61.8,56.5,2.90,3.78
194210,40.9,34.3,63.2,57.8,52.1,46.1,3.64,2.41
194211,29.8,22.9,49.9,39.9,39.8,31.4,6.19,3.49
194212,16.8,5.6,32.8,22.5,24.8,14.1,6.27,3.93
194301,15.3,0.1,31.1,19.2,23.2,9.6,3.26,1.35
194302,16.8,6.6,36.7,29.1,26.7,17.8,1.87,2.61
194303,24.2,12.4,43.0,33.4,33.6,22.9,3.78,3.10
194304,30.2,23.3,51.5,44.2,40.8,33.7,3.58,3.09
194305,46.3,38.2,68.4,62.3,57.4,50.3,4.99,3.79
194306,58.6,48.6,81.7,71.4,70.2,60.0,3.16,5.00
194307,60.8,54.3,82.2,77.5,71.5,66.0,3.60,3.72
194308,57.7,51.8,80.2,72.5,69.0,62.1,1.83,4.66
194309,49.4,42.3,73.0,65.7,61.2,54.0,1.38,2.45
194310,40.1,36.0,60.6,54.6,50.4,45.3,5.45,6.53
194311,29.0,23.8,47.9,39.3,38.5,31.6,4.94,6.06
194312,15.3,2.6,35.5,22.8,25.4,12.7,1.15,1.17
194401,18.9,6.2,35.3,26.0,27.1,16.1,2.05,1.15
194402,16.6,2.0,35.2,25.4,25.9,13.7,2.28,2.85
194403,23.0,12.3,41.1,33.8,32.0,23.1,5.25,3.39
194404,33.0,23.8,53.6,46.0,43.4,34.9,4.43,2.37
194405,48.5,40.3,75.5,69.1,62.0,54.7,1.61,1.26
194406,55.1,48.1,77.3,71.3,66.2,59.7,3.99,4.40
194407,60.0,53.7,84.8,77.5,72.4,65.6,2.21,3.33
194408,59.0,54.3,83.8,80.2,71.4,67.3,2.25,1.98
194409,52.6,46.4,73.9,67.0,63.2,56.7,7.49,5.85
194410,38.2,33.7,61.6,53.1,50.0,43.4,2.12,4.53
194411,30.6,26.9,47.7,41.0,39.2,34.0,7.00,4.14
194412,17.3,7.1,35.2,25.6,26.2,16.3,3.36,3.28
194501,10.1,-0.7,28.8,19.8,19.4,9.6,3.24,4.39
194502,17.8,5.6,35.5,27.7,26.6,16.6,3.69,2.78
194503,32.7,21.6,56.3,43.7,44.5,32.6,2.42,2.19
194504,39.7,31.7,62.5,55.5,51.1,43.6,4.81,4.79
194505,43.5,37.5,64.8,58.1,54.1,47.8,6.12,6.09
194506,54.6,48.2,77.5,69.6,66.1,58.9,4.89,3.63
194507,60.6,54.2,80.0,77.0,70.3,65.7,5.23,4.45
194508,56.5,51.9,78.9,76.5,67.7,64.2,3.90,1.93
194509,54.6,45.9,74.7,68.3,64.6,57.1,2.95,4.61
194510,38.2,32.4,61.1,51.5,49.7,41.9,2.41,4.14
194511,32.0,24.2,50.4,39.1,41.3,31.6,5.65,4.14
194512,15.6,7.5,32.0,24.3,23.8,15.9,5.63,3.27
194601,17.1,2.2,35.0,23.0,26.0,12.6,2.66,3.29
194602,14.6,-0.4,34.5,23.4,24.6,11.5,2.78,2.91
194603,31.5,21.9,57.0,46.6,44.3,34.2,1.94,1.48
194604,33.4,27.4,55.6,46.1,44.5,36.8,2.26,3.30
194605,43.8,38.5,67.4,62.1,55.6,50.3,6.11,3.40
194606,52.3,47.5,76.5,72.6,64.4,60.1,3.31,1.96
194607,58.0,51.3,80.6,76.5,69.3,63.9,4.41,3.01
194608,55.4,51.1,75.3,72.9,65.4,62.0,6.39,4.49
194609,51.7,45.0,75.0,70.4,63.4,57.7,3.80,2.99
194610,42.5,34.2,67.0,60.3,54.7,47.3,1.26,2.98
194611,33.9,25.4,53.6,41.5,43.8,33.5,1.43,3.38
194612,21.0,8.9,40.4,27.1,30.7,18.0,2.81,3.98
194701,19.9,3.2,39.1,24.6,29.5,13.9,2.81,2.93
194702,15.3,8.6,33.7,27.6,24.5,18.0,2.32,3.73
194703,23.9,17.6,42.4,37.4,33.1,27.5,3.14,3.08
194704,34.2,24.1,55.7,45.4,44.9,34.7,4.74,2.53
194705,44.1,37.4,66.7,59.1,55.4,48.2,4.40,5.37
194706,51.8,46.1,74.7,70.4,63.2,58.3,3.91,4.56
194707,61.1,58.6,80.8,79.0,71.0,68.8,4.21,5.14
194708,60.3,53.0,81.4,79.0,70.9,66.1,3.32,1.71
194709,50.5,43.7,73.2,68.0,61.9,55.9,3.45,2.76
194710,42.6,37.0,69.8,63.2,56.2,50.1,2.23,0.51
194711,28.8,22.9,46.0,39.4,37.4,31.2,6.64,4.13
194712,17.7,7.3,35.4,24.4,26.5,15.9,2.86,1.72
194801,9.6,-0.5,28.4,20.2,19.0,9.9,4.11,2.40
194802,11.6,-4.9,33.2,24.0,22.4,9.6,2.02,1.35
194803,24.7,11.0,46.5,36.2,35.6,23.6,4.37,2.85
194804,35.0,27.4,57.0,48.5,46.0,38.0,4.23,2.75
194805,45.6,38.2,65.5,59.2,55.6,48.7,6.89,6.38
194806,53.1,45.4,75.0,69.2,64.1,57.3,5.04,2.61
194807,59.8,53.2,82.9,78.3,71.3,65.8,3.39,2.91
194808,59.1,53.4,81.0,77.2,70.0,65.3,2.37,2.21
194809,49.6,42.6,75.8,69.8,62.7,56.2,0.62,1.30
194810,39.2,32.2,61.4,55.3,50.3,43.7,2.32,3.82
194811,35.7,30.6,54.6,45.4,45.1,38.0,5.69,5.93
194812,22.4,15.1,40.2,31.6,31.3,23.4,5.79,3.37
194901,24.1,8.9,39.8,28.2,32.0,18.6,5.88,3.39
194902,22.0,5.5,41.1,29.0,31.5,17.3,3.02,2.39
194903,26.7,16.4,47.0,36.7,36.8,26.6,2.73,2.39
194904,36.6,31.1,59.8,52.2,48.2,41.7,3.86,2.70
194905,45.0,38.1,70.3,64.5,57.7,51.3,5.23,3.28
194906,56.8,50.1,81.3,75.9,69.0,63.0,0.51,2.73
194907,62.9,55.8,85.9,79.8,74.4,67.8,2.82,2.80
194908,59.5,52.9,82.5,77.4,71.0,65.2,3.26,2.54
194909,48.8,44.2,70.8,64.8,59.8,54.5,3.80,3.93
194910,44.4,35.3,66.8,59.8,55.6,47.6,2.18,2.29
194911,29.1,21.3,48.6,36.7,38.8,29.0,2.21,4.54
194912,22.4,14.3,40.8,32.0,31.6,23.1,3.43,2.12
195001,24.7,7.0,42.1,29.2,33.4,18.1,3.76,4.01
195002,16.6,0.3,33.5,22.9,25.0,11.6,3.80,2.55
195003,20.8,10.6,41.1,33.0,31.0,21.8,3.17,3.59
195004,33.0,27.2,53.7,46.7,43.4,37.0,3.02,3.24
195005,44.1,38.0,65.9,66.1,55.0,52.0,4.23,0.93
195006,53.1,48.1,77.3,72.2,65.2,60.2,3.93,5.04
195007,58.1,53.0,80.7,76.7,69.4,64.8,3.56,2.81
195008,57.4,49.9,78.2,74.5,67.8,62.2,5.03,4.53
195009,48.3,39.8,68.3,62.5,58.3,51.1,1.51,1.49
195010,41.7,34.8,64.6,54.4,53.2,44.6,1.97,2.58
195011,32.9,29.0,52.6,45.6,42.7,37.3,5.75,8.33
195012,21.4,15.3,38.1,31.4,29.8,23.3,4.52,5.42
195101,20.4,7.7,38.7,27.8,29.6,17.7,3.60,3.04
195102,21.2,9.1,39.8,30.5,30.5,19.8,4.94,4.45
195103,28.3,18.7,45.3,36.3,36.8,27.5,6.09,3.70
195104,36.7,33.0,59.2,50.0,48.0,41.5,3.45,5.55
195105,44.9,38.7,70.3,64.3,57.6,51.5,4.10,3.00
195106,54.2,47.2,74.8,70.4,64.5,58.8,3.16,2.42
195107,60.2,53.5,81.4,76.6,70.8,65.1,3.00,6.33
195108,57.9,51.9,78.5,73.4,68.2,62.7,3.76,4.22
195109,49.8,44.1,72.5,67.4,61.1,55.8,2.23,2.74
195110,42.0,34.7,62.8,56.1,52.4,45.4,4.22,3.52
195111,27.4,21.4,46.8,38.9,37.1,30.1,7.74,6.07
195112,22.0,8.4,40.4,27.8,31.2,18.1,5.34,4.71
195201,20.5,4.1,38.0,27.1,29.2,15.6,5.29,3.77
195202,21.1,9.2,37.6,28.7,29.4,19.0,2.79,4.33
195203,26.6,19.1,43.1,36.1,34.9,27.6,4.07,2.00
195204,39.2,29.7,59.6,51.0,49.4,40.4,5.99,2.70
195205,43.4,38.0,65.8,59.8,54.6,48.9,4.63,3.78
195206,56.0,49.9,79.0,73.5,67.5,61.7,4.76,4.90
195207,62.1,56.2,85.4,83.8,73.7,70.0,2.89,1.27
195208,59.0,51.8,79.4,77.4,69.2,64.6,7.67,2.66
195209,50.8,44.0,73.6,68.2,62.2,56.1,3.40,2.98
195210,36.5,32.0,60.8,52.2,48.6,42.1,1.03,3.63
195211,31.9,25.3,50.7,40.7,41.3,33.0,3.52,2.02
195212,24.4,15.3,40.2,30.2,32.3,22.8,3.96,4.54
195301,22.9,9.8,39.2,29.7,31.0,19.8,6.55,4.01
195302,23.6,9.7,41.5,30.5,32.6,20.1,3.37,3.16
195303,29.3,19.0,46.3,37.9,37.8,28.4,10.54,7.32
195304,37.9,31.9,56.5,50.0,47.2,41.0,5.86,4.44
195305,47.8,39.8,69.2,64.3,58.5,52.1,4.38,3.04
195306,53.2,48.0,80.1,73.8,66.7,60.9,2.43,2.37
195307,58.8,52.8,82.4,78.0,70.6,65.4,4.56,3.84
195308,56.3,50.5,80.5,74.9,68.4,62.7,2.04,2.98
195309,50.6,44.7,75.1,67.4,62.8,56.0,1.63,2.97
195310,40.9,34.1,64.7,57.3,52.8,45.7,4.72,4.21
195311,31.7,29.1,53.1,46.3,42.4,37.7,3.77,3.90
195312,26.5,18.4,44.4,35.5,35.5,27.0,5.54,4.31
195401,14.6,0.2,32.5,21.0,23.6,10.6,2.22,3.15
195402,24.1,13.5,43.5,33.3,33.8,23.4,2.30,4.12
195403,26.7,16.7,46.9,35.5,36.8,26.1,4.07,3.23
195404,36.6,26.2,59.4,49.8,48.0,38.0,4.51,4.19
195405,43.9,39.1,65.1,58.5,54.5,48.8,4.21,5.34
195406,54.9,49.0,77.2,70.2,66.1,59.6,2.15,5.87
195407,57.4,52.4,80.7,73.7,69.1,63.0,2.95,4.22
195408,55.4,49.7,77.0,72.2,66.2,60.9,5.93,5.65
195409,50.3,43.7,69.4,62.8,59.9,53.2,7.98,8.24
195410,44.6,38.1,65.9,55.6,55.3,46.9,2.41,5.04
195411,31.5,26.6,49.0,41.2,40.3,33.9,6.06,4.04
195412,22.8,13.1,38.6,29.3,30.7,21.2,5.32,5.46
195501,16.8,4.8,32.8,22.3,24.8,13.6,0.78,1.91
195502,19.8,7.9,38.0,28.4,28.9,18.1,3.93,5.29
195503,26.0,14.0,44.7,33.4,35.4,23.7,4.63,4.50
195504,38.0,29.5,59.2,49.9,48.6,39.7,4.27,2.05
195505,46.5,40.8,73.4,65.2,59.9,53.0,1.62,3.29
195506,52.7,49.2,75.4,72.2,64.0,60.7,3.09,3.01
195507,63.4,54.9,86.4,81.0,74.9,68.0,2.47,2.45
195508,61.9,54.5,82.5,77.0,72.2,65.7,15.01,4.79
195509,49.7,42.2,71.8,65.5,60.8,53.8,3.78,1.83
195510,42.0,34.6,63.0,54.6,52.5,44.6,12.22,2.53
195511,30.5,25.7,46.9,37.8,38.7,31.8,5.52,3.34
195512,15.1,3.6,31.6,21.5,23.3,12.5,0.77,1.28
195601,20.5,14.8,33.5,28.5,27.0,21.7,3.21,4.66
195602,22.4,5.8,37.8,28.0,30.1,16.9,4.12,2.57
195603,22.4,8.1,39.4,32.2,30.9,20.1,5.14,3.60
195604,31.9,27.4,52.9,45.7,42.4,36.6,3.84,3.26
195605,41.1,33.3,65.5,57.2,53.3,45.2,2.36,3.15
195606,54.6,48.1,78.9,71.2,66.8,59.6,3.15,2.80
195607,58.0,50.9,78.7,72.8,68.3,61.9,4.92,3.84
195608,56.9,48.5,79.5,72.6,68.2,60.6,1.48,3.12
195609,47.8,40.5,68.5,62.2,58.1,51.4,4.86,3.50
195610,38.9,32.9,63.4,57.3,51.1,45.1,2.26,2.84
195611,31.4,23.6,51.3,42.6,41.4,33.1,4.39,3.11
195612,25.5,10.7,42.0,28.9,33.8,19.8,4.87,2.97
195701,10.9,-6.2,30.3,18.1,20.6,5.9,2.25,2.07
195702,22.2,7.7,40.2,30.4,31.2,19.0,1.95,1.66
195703,27.2,18.5,46.6,38.6,36.9,28.5,2.29,2.05
195704,37.1,28.3,60.1,50.1,48.6,39.2,4.51,2.44
195705,44.6,38.0,69.9,64.0,57.3,51.0,2.48,2.52
195706,56.9,49.3,81.1,74.1,69.0,61.7,1.34,3.34
195707,57.8,52.4,82.7,74.6,70.2,63.5,2.42,3.77
195708,53.9,47.5,78.1,72.4,66.0,60.0,3.00,2.03
195709,50.7,45.4,73.7,68.0,62.2,56.7,2.19,2.97
195710,38.7,35.6,61.1,56.3,49.9,45.9,3.13,2.14
195711,34.2,29.3,52.9,43.4,43.5,36.3,4.32,5.32
195712,27.1,16.1,43.3,34.5,35.2,25.3,7.12,5.63
195801,18.3,12.5,33.8,27.8,26.0,20.2,6.48,6.54
195802,14.1,2.9,30.3,24.0,22.2,13.4,3.14,3.08
195803,29.0,24.4,43.4,39.3,36.2,31.9,3.61,2.88
195804,36.5,31.0,57.7,50.8,47.1,40.9,6.34,4.11
195805,43.1,36.9,64.2,59.3,53.6,48.1,3.99,2.83
195806,49.9,43.6,72.0,66.3,60.9,55.0,2.53,3.19
195807,60.9,53.8,79.9,73.9,70.4,63.8,4.82,5.18
195808,58.2,51.1,78.8,74.1,68.5,62.6,4.33,4.48
195809,50.3,44.2,71.4,65.7,60.8,55.0,5.35,3.01
195810,38.9,32.6,59.4,51.7,49.1,42.2,5.30,4.86
195811,32.9,24.5,51.5,40.8,42.2,32.7,3.62,3.70
195812,13.2,-0.5,31.9,19.8,22.5,9.6,1.45,1.62
195901,15.8,3.4,34.6,24.3,25.2,13.9,2.94,3.48
195902,14.3,-1.8,35.0,23.2,24.7,10.7,2.89,2.18
195903,24.5,11.9,44.4,35.1,34.5,23.5,4.95,3.87
195904,36.4,28.9,59.9,49.9,48.2,39.4,4.15,2.44
195905,47.3,41.0,72.6,67.4,60.0,54.2,1.39,1.28
195906,54.4,47.6,75.0,66.9,64.7,57.2,4.76,6.48
195907,61.3,56.3,81.2,80.6,71.3,68.4,4.85,2.51
195908,61.1,54.6,82.1,75.3,71.6,64.9,3.73,4.73
195909,53.3,46.1,76.5,69.0,64.9,57.5,1.89,2.57
195910,43.1,35.4,62.5,52.5,52.8,44.0,7.09,6.15
195911,32.0,24.9,50.0,40.1,41.0,32.5,5.29,6.57
195912,23.6,15.0,39.7,29.4,31.7,22.2,4.81,3.59
196001,18.3,5.2,35.0,25.2,26.6,15.2,3.17,3.42
196002,23.6,14.9,40.2,31.6,31.9,23.2,4.91,5.56
196003,19.4,13.8,37.9,32.2,28.6,23.0,3.05,2.36
196004,37.7,28.1,60.5,47.9,49.1,38.0,3.50,3.23
196005,46.1,42.8,69.5,68.0,57.8,55.4,3.60,4.32
196006,54.5,49.4,77.0,72.8,65.8,61.1,2.96,3.87
196007,57.1,52.9,80.0,75.5,68.6,64.2,7.11,4.06
196008,58.6,50.4,79.2,77.2,68.9,63.8,2.73,1.71
196009,50.9,44.0,71.4,67.5,61.1,55.8,7.69,3.72
196010,39.0,32.4,62.2,52.6,50.6,42.5,2.62,3.94
196011,32.1,27.8,53.1,43.1,42.6,35.5,3.37,3.41
196012,13.5,6.8,34.6,27.4,24.0,17.0,3.14,4.36
196101,8.6,-3.6,30.0,18.4,19.3,7.4,2.69,2.24
196102,17.9,4.7,39.0,28.3,28.5,16.5,3.56,3.17
196103,25.9,13.9,44.6,35.4,35.2,24.6,3.61,2.86
196104,34.3,28.6,53.9,45.7,44.1,37.2,5.72,4.68
196105,43.5,37.2,65.1,59.8,54.3,48.5,5.06,5.03
196106,54.4,48.3,77.7,72.0,66.0,60.1,2.98,3.56
196107,60.0,53.6,81.1,75.4,70.6,64.5,2.89,3.65
196108,58.7,52.1,79.3,75.8,69.0,63.9,4.05,2.72
196109,56.8,50.7,78.6,72.7,67.7,61.7,4.58,4.47
196110,42.7,37.7,64.8,56.5,53.8,47.1,2.18,2.72
196111,33.6,28.6,50.0,41.9,41.8,35.3,3.29,4.45
196112,21.7,15.0,36.6,29.1,29.2,22.0,3.17,3.34
196201,16.2,1.4,35.2,23.7,25.7,12.6,3.81,2.58
196202,15.1,-2.3,32.8,22.2,24.0,9.9,4.23,1.88
196203,26.0,18.8,45.0,40.4,35.5,29.6,1.99,1.49
196204,34.6,28.1,59.3,47.9,47.0,38.0,3.67,4.18
196205,44.7,38.2,69.0,60.2,56.9,49.2,1.57,2.41
196206,54.8,48.1,77.5,72.8,66.2,60.5,3.98,2.64
196207,54.9,50.5,78.8,70.9,66.9,60.7,2.02,5.03
196208,56.5,52.2,77.7,72.5,67.1,62.4,4.19,4.30
196209,47.6,43.1,69.6,62.5,58.6,52.8,3.28,3.49
196210,40.0,35.0,61.0,52.1,50.5,43.5,4.70,4.93
196211,28.5,22.7,46.7,38.4,37.6,30.5,4.04,5.39
196212,15.3,8.6,34.8,28.1,25.0,18.4,2.79,4.67
196301,14.4,5.8,33.0,25.4,23.7,15.6,2.82,2.94
196302,10.9,-2.8,31.9,21.4,21.4,9.3,3.08,2.97
196303,27.0,13.0,45.0,35.8,36.0,24.4,3.57,2.82
196304,33.6,28.1,59.0,47.1,46.3,37.6,1.38,2.67
196305,42.8,37.3,68.7,62.8,55.7,50.1,3.40,3.34
196306,53.5,49.0,77.7,75.6,65.6,62.3,3.48,1.42
196307,59.3,56.6,82.0,78.4,70.7,67.5,4.29,3.78
196308,55.3,50.2,77.7,69.8,66.5,60.0,2.21,5.78
196309,46.4,39.4,69.5,63.8,57.9,51.6,3.87,3.20
196310,41.1,36.1,69.2,61.5,55.1,48.8,0.44,3.19
196311,36.8,29.8,52.9,43.1,44.8,36.5,6.95,8.55
196312,14.5,2.9,30.9,19.9,22.7,11.4,2.52,1.80
196401,17.6,8.1,36.8,27.4,27.2,17.7,4.69,3.48
196402,15.4,6.0,35.0,28.4,25.2,17.2,2.95,1.34
196403,26.8,16.7,46.5,36.4,36.7,26.5,2.76,2.95
196404,34.2,26.6,56.1,48.6,45.2,37.5,4.93,2.95
196405,45.4,39.6,73.4,66.3,59.4,53.0,1.26,2.29
196406,52.1,47.1,77.1,71.8,64.6,59.4,2.10,2.24
196407,60.5,55.3,81.1,76.0,70.8,65.7,3.26,4.47
196408,53.1,47.8,76.6,69.3,64.9,58.6,2.01,3.45
196409,49.2,40.2,72.8,64.0,61.0,52.1,1.87,1.73
196410,36.8,33.2,61.6,53.2,49.2,43.2,1.98,3.44
196411,31.0,22.6,53.1,40.5,42.0,31.6,2.57,3.17
196412,22.0,10.3,37.6,27.2,29.8,18.7,4.69,3.82
196501,12.6,0.9,31.6,20.9,22.1,10.9,2.87,1.64
196502,16.2,1.6,35.5,25.1,25.8,13.4,3.78,3.56
196503,25.3,17.6,42.6,35.6,34.0,26.6,1.76,0.56
196504,33.0,26.6,55.0,47.2,44.0,36.9,2.84,2.31
196505,46.4,38.8,73.8,63.3,60.1,51.0,1.86,1.75
196506,52.0,48.3,77.4,73.8,64.7,61.1,1.75,2.03
196507,56.6,49.8,80.9,74.6,68.8,62.2,2.72,2.51
196508,57.7,52.1,79.2,73.8,68.5,63.0,2.92,3.97
196509,51.9,43.4,72.2,66.8,62.1,55.1,2.68,3.22
196510,38.0,33.5,60.9,51.3,49.5,42.4,3.50,3.88
196511,29.8,21.7,48.2,36.1,39.0,28.9,2.09,4.58
196512,23.4,12.2,40.3,28.0,31.8,20.1,1.96,1.93
196601,16.8,8.6,33.4,25.4,25.1,17.0,2.74,3.48
196602,18.4,5.7,36.6,28.7,27.5,17.2,3.58,2.34
196603,26.8,19.4,46.2,38.1,36.5,28.8,2.91,3.38
196604,31.9,27.1,54.2,47.2,43.1,37.2,1.41,0.83
196605,42.2,36.6,64.7,60.8,53.5,48.6,3.72,2.50
196606,54.4,49.0,78.7,72.4,66.5,60.7,1.92,2.98
196607,58.7,52.2,84.8,76.6,71.7,64.4,2.54,3.82
196608,57.7,52.4,81.1,74.0,69.4,63.2,1.92,2.89
196609,49.1,40.5,70.5,64.4,59.8,52.5,5.65,3.58
196610,37.0,33.8,61.7,54.5,49.4,44.2,3.90,3.75
196611,33.8,29.2,52.8,43.8,43.3,36.5,4.09,5.48
196612,20.9,15.0,38.4,30.2,29.6,22.6,3.21,3.01
196701,22.3,8.9,39.2,27.1,30.8,18.0,1.47,2.18
196702,13.2,-4.1,33.5,22.3,23.3,9.1,2.71,2.78
196703,21.4,8.5,40.9,32.0,31.2,20.3,5.18,1.16
196704,33.6,25.5,54.8,46.0,44.2,35.7,3.90,2.07
196705,39.2,33.6,61.3,54.1,50.2,43.9,5.57,4.60
196706,54.9,49.7,78.6,74.6,66.7,62.1,3.51,4.29
196707,61.8,57.0,80.3,76.6,71.0,66.8,4.23,3.91
196708,59.4,54.2,77.8,74.9,68.6,64.6,4.03,3.99
196709,48.8,44.4,72.3,66.6,60.6,55.5,2.85,5.53
196710,40.3,37.0,62.0,54.3,51.2,45.6,2.78,2.73
196711,28.1,23.5,44.6,38.4,36.4,31.0,3.15,3.32
196712,22.7,11.6,39.9,29.2,31.3,20.4,5.98,4.81
196801,11.5,-1.8,30.0,19.6,20.8,8.9,2.57,2.66
196802,13.2,-0.2,32.5,22.4,22.9,11.1,1.06,1.61
196803,27.8,18.5,47.1,37.3,37.4,27.9,5.36,3.57
196804,36.2,30.6,63.0,53.2,49.6,41.9,2.62,2.84
196805,43.4,36.6,66.3,61.7,54.9,49.1,5.37,2.94
196806,54.6,48.0,74.1,67.8,64.3,57.9,6.20,3.77
196807,60.4,54.0,83.2,78.8,71.8,66.4,1.20,2.17
196808,57.1,48.6,80.3,72.0,68.7,60.3,2.40,2.03
196809,51.0,46.6,75.1,69.0,63.0,57.8,3.07,1.93
196810,42.9,38.3,64.2,57.4,53.6,47.8,2.46,3.08
196811,31.3,22.8,47.4,35.9,39.3,29.4,5.81,5.55
196812,18.1,11.0,35.0,26.0,26.6,18.5,5.91,5.45
196901,16.7,6.4,32.6,26.4,24.6,16.4,1.54,3.15
196902,19.5,9.0,33.7,28.2,26.6,18.6,3.03,4.49
196903,23.8,15.9,42.1,34.8,33.0,25.4,2.91,2.54
196904,36.8,26.0,60.5,47.0,48.6,36.5,5.40,3.05
196905,44.4,37.5,68.6,60.7,56.5,49.1,3.67,3.09
196906,54.9,49.0,77.1,72.2,66.0,60.6,2.61,3.49
196907,59.8,52.7,78.4,74.0,69.1,63.3,6.40,4.71
196908,59.9,54.6,81.7,75.6,70.8,65.1,3.50,3.38
196909,51.4,44.7,72.9,64.9,62.1,54.8,4.54,5.32
196910,39.1,33.8,62.5,52.6,50.8,43.2,2.08,1.64
196911,32.2,29.0,48.4,42.4,40.3,35.7,6.11,7.00
196912,19.5,14.5,34.5,29.6,27.0,22.1,7.35,7.80
197001,7.6,-2.1,27.3,17.4,17.5,7.7,0.58,0.70
197002,16.8,4.8,37.5,27.9,27.2,16.4,4.74,4.87
197003,24.4,16.4,41.9,36.0,33.2,26.2,3.70,2.74
197004,34.1,27.8,57.3,48.3,45.7,38.1,4.09,3.79
197005,46.9,39.8,68.9,62.5,57.9,51.1,3.81,3.89
197006,54.3,48.8,75.2,72.2,64.8,60.5,2.90,3.34
197007,60.9,56.4,81.6,78.7,71.3,67.6,1.86,2.72
197008,58.8,53.7,82.2,76.4,70.5,65.0,3.44,3.79
197009,52.1,45.7,73.1,63.8,62.6,54.8,3.50,3.58
197010,42.9,37.6,62.9,56.6,52.9,47.1,2.55,4.64
197011,34.5,26.8,50.5,42.5,42.5,34.7,4.58,2.76
197012,19.0,3.3,34.8,20.6,26.9,12.0,3.28,3.96
197101,9.8,-4.0,30.3,18.6,20.0,7.3,2.33,2.09
197102,19.6,5.0,35.9,26.3,27.8,15.7,4.66,4.39
197103,25.5,15.4,42.7,35.4,34.1,25.4,3.11,3.51
197104,32.4,28.1,55.1,46.4,43.8,37.2,2.37,1.92
197105,43.7,39.8,66.0,62.6,54.9,51.2,4.20,3.49
197106,54.1,46.9,79.1,73.8,66.6,60.4,1.51,2.14
197107,58.4,53.3,81.7,77.4,70.1,65.4,5.18,3.62
197108,57.5,52.9,80.4,74.0,69.0,63.5,5.02,4.50
197109,56.0,47.4,74.0,68.3,65.0,57.8,5.00,3.03
197110,45.6,38.0,67.1,59.3,56.4,48.7,3.71,2.90
197111,30.0,21.9,46.6,38.6,38.3,30.2,4.98,3.30
197112,24.5,6.9,41.7,27.3,33.1,17.1,2.98,2.73
197201,18.0,1.8,37.6,25.6,27.8,13.7,2.19,2.01
197202,14.8,1.7,34.4,24.1,24.6,12.9,4.76,3.73
197203,24.5,11.2,42.6,31.5,33.5,21.4,6.01,5.86
197204,30.7,25.1,53.6,44.3,42.1,34.7,3.78,2.39
197205,45.9,38.5,69.1,63.9,57.5,51.2,5.58,2.83
197206,54.3,50.2,72.2,69.8,63.2,60.0,11.52,5.92
197207,61.3,54.3,81.4,76.0,71.4,65.1,3.39,4.62
197208,57.2,50.5,78.8,72.8,68.0,61.7,2.92,2.82
197209,51.8,44.2,73.5,67.1,62.6,55.7,2.59,4.04
197210,35.9,31.2,57.9,50.0,47.0,40.6,4.79,3.99
197211,30.4,23.4,45.3,36.5,37.8,29.9,7.90,4.65
197212,25.3,6.1,38.2,24.5,31.8,15.3,7.15,5.76
197301,19.2,6.7,38.3,26.6,28.7,16.6,4.35,3.51
197302,17.3,5.4,35.6,26.2,26.4,15.8,3.45,3.21
197303,32.1,22.9,51.1,41.1,41.6,32.0,3.77,2.91
197304,37.9,30.0,58.4,49.7,48.2,39.8,6.57,5.79
197305,44.6,39.9,64.8,56.9,54.7,48.4,5.56,5.38
197306,58.1,51.8,78.3,72.7,68.2,62.3,4.92,4.32
197307,60.8,57.4,82.1,78.6,71.5,68.0,4.15,4.11
197308,61.6,57.3,82.4,77.0,72.0,67.2,2.98,4.77
197309,50.2,44.0,73.4,64.3,61.8,54.1,3.82,3.77
197310,39.7,35.1,64.3,54.8,52.0,44.9,3.14,3.38
197311,32.6,25.0,50.8,37.9,41.7,31.4,2.23,3.23
197312,24.6,17.9,43.0,35.1,33.8,26.5,8.98,9.04
197401,18.6,4.1,37.0,23.8,27.8,14.0,4.45,2.88
197402,16.0,3.9,35.2,25.2,25.6,14.6,2.42,2.33
197403,26.2,14.5,46.2,35.1,36.2,24.8,5.04,3.97
197404,37.4,28.5,60.0,47.8,48.7,38.2,3.46,4.88
197405,43.5,35.8,65.6,55.5,54.6,45.7,3.58,5.02
197406,53.6,48.5,75.4,72.4,64.5,60.4,2.93,3.79
197407,59.6,54.1,81.6,75.0,70.6,64.5,2.86,4.05
197408,58.1,52.0,80.9,76.4,69.5,64.2,4.16,2.92
197409,50.8,43.6,70.7,63.8,60.7,53.7,7.95,4.32
197410,34.6,29.7,58.4,49.0,46.5,39.4,2.94,1.56
197411,32.5,24.9,51.3,40.8,41.9,32.9,2.27,4.24
197412,24.4,14.5,39.9,31.0,32.2,22.8,5.28,2.98
197501,22.0,5.3,39.0,26.6,30.5,16.0,5.11,3.31
197502,19.6,4.9,37.1,26.2,28.3,15.6,3.07,1.80
197503,24.5,13.2,43.3,35.6,33.9,24.4,3.83,3.44
197504,31.6,25.9,53.1,43.9,42.4,34.9,3.02,2.59
197505,48.1,41.4,72.4,66.4,60.2,53.9,3.50,2.15
197506,55.7,49.8,75.2,72.0,65.4,60.8,4.42,4.23
197507,61.7,57.7,81.9,78.9,71.8,68.3,6.22,3.79
197508,58.8,52.7,79.5,75.7,69.2,64.2,3.53,2.26
197509,49.0,44.5,68.1,63.6,58.5,54.1,8.55,4.30
197510,42.8,35.0,63.7,55.7,53.3,45.4,5.07,3.81
197511,36.0,27.8,55.4,44.9,45.8,36.3,5.57,4.76
197512,21.0,5.6,37.8,26.4,29.4,16.0,4.46,4.95
197601,11.8,-2.5,30.5,21.2,21.2,9.3,6.34,4.32
197602,21.2,7.1,44.0,31.0,32.6,19.0,3.15,3.87
197603,27.0,15.0,48.6,36.5,37.8,25.7,2.89,2.84
197604,38.0,30.2,62.0,50.8,50.0,40.5,3.33,3.83
197605,44.1,39.7,67.5,62.0,55.8,50.8,4.61,5.11
197606,57.8,51.6,79.5,76.0,68.7,63.8,2.32,3.32
197607,58.5,53.8,79.9,74.2,69.2,64.0,4.12,6.91
197608,57.5,53.1,78.9,73.8,68.2,63.5,7.86,5.85
197609,48.7,44.2,71.0,64.6,59.8,54.4,2.61,2.82
197610,37.8,32.5,57.3,50.8,47.6,41.6,5.78,5.79
197611,27.0,22.8,45.5,36.2,36.3,29.5,0.68,2.22
197612,14.0,1.6,33.6,22.8,23.8,12.2,3.17,4.16
197701,7.8,-2.1,26.8,19.2,17.3,8.5,2.45,3.27
197702,17.1,5.7,35.3,26.2,26.2,16.0,2.75,2.88
197703,30.4,24.4,50.4,42.1,40.4,33.2,7.15,4.25
197704,35.2,26.8,60.4,49.0,47.8,37.9,4.36,2.72
197705,45.7,39.2,72.2,66.1,59.0,52.6,3.16,1.71
197706,53.3,49.8,74.4,66.5,63.9,58.2,4.13,6.80
197707,59.4,53.2,82.7,76.7,71.1,65.0,2.62,2.03
197708,59.0,52.2,80.0,73.7,69.5,63.0,3.42,4.60
197709,52.6,43.6,70.9,62.4,61.8,53.0,7.73,5.49
197710,39.7,35.4,60.3,53.3,50.0,44.3,6.22,6.63
197711,35.5,27.6,50.6,43.5,43.1,35.6,4.76,3.29
197712,20.4,10.4,35.9,26.7,28.2,18.5,5.69,5.22
197801,14.6,3.8,32.0,22.0,23.3,12.9,9.19,6.86
197802,9.8,1.1,30.2,24.4,20.0,12.7,1.53,1.06
197803,22.4,12.5,42.2,33.5,32.3,23.0,3.66,3.05
197804,34.0,27.1,55.8,45.4,44.9,36.2,2.07,3.11
197805,45.6,41.3,66.8,65.9,56.2,53.6,5.95,2.46
197806,53.1,49.7,77.3,70.8,65.2,60.3,2.68,4.19
197807,57.7,53.6,80.1,77.3,68.9,65.4,3.71,2.45
197808,60.8,51.4,79.1,76.7,70.0,64.1,5.04,2.08
197809,47.3,38.7,70.3,63.8,58.8,51.2,3.14,2.07
197810,37.9,33.3,61.0,52.1,49.5,42.7,3.01,3.64
197811,31.1,20.6,50.3,40.6,40.7,30.6,2.43,2.10
197812,21.8,9.4,40.0,28.4,30.9,18.9,4.36,2.92
197901,19.6,8.2,34.6,25.5,27.1,16.8,11.97,7.79
197902,9.6,1.8,26.4,19.4,18.0,10.6,3.49,2.30
197903,29.9,23.9,49.4,40.9,39.6,32.4,4.33,4.45
197904,35.8,30.9,56.2,48.5,46.0,39.7,5.63,4.79
197905,49.9,43.2,69.4,62.5,59.6,52.9,5.48,6.09
197906,53.2,49.2,76.0,72.6,64.6,60.9,1.49,2.10
197907,61.0,56.3,82.6,78.5,71.8,67.4,2.29,3.05
197908,59.7,52.4,78.6,71.1,69.1,61.8,6.28,5.10
197909,50.0,42.7,72.4,66.6,61.2,54.7,4.98,3.50
197910,41.2,36.8,59.4,52.4,50.3,44.6,4.10,4.77
197911,36.1,29.9,54.1,45.1,45.1,37.5,4.35,3.76
197912,25.2,14.3,41.8,31.0,33.5,22.7,2.54,2.68
198001,19.2,7.4,35.9,25.3,27.5,16.3,1.36,1.31
198002,14.1,3.8,33.8,25.1,24.0,14.5,0.92,0.96
198003,25.3,15.5,43.9,35.7,34.6,25.6,8.58,3.70
198004,37.2,31.2,58.3,50.3,47.8,40.8,6.39,4.24
198005,46.7,38.4,71.3,63.6,59.0,51.0,2.07,1.44
198006,51.1,46.9,75.6,69.8,63.4,58.4,3.48,2.87
198007,60.6,54.9,83.5,75.3,72.0,65.1,4.75,5.22
198008,61.3,54.2,81.9,76.8,71.6,65.5,2.10,2.75
198009,51.7,42.2,75.1,64.0,63.4,53.1,1.72,4.63
198010,38.0,33.3,59.5,49.6,48.8,41.4,3.76,3.91
198011,28.8,23.7,46.9,37.7,37.8,30.7,4.28,4.07
198012,14.8,1.2,35.8,23.0,25.3,12.1,0.92,2.29
198101,7.7,-4.3,27.8,18.4,17.7,7.0,0.68,1.44
198102,23.2,17.1,43.7,36.6,33.5,26.8,7.84,3.64
198103,26.2,21.0,45.8,38.5,36.0,29.8,0.68,1.87
198104,38.2,30.9,60.1,51.0,49.2,41.0,3.75,3.31
198105,46.1,41.5,70.4,65.0,58.2,53.3,3.37,3.60
198106,55.6,49.6,77.8,72.0,66.7,60.8,3.23,4.30
198107,61.4,54.9,82.9,76.8,72.2,65.9,4.14,4.64
198108,57.2,51.8,80.4,74.6,68.8,63.2,1.09,5.34
198109,50.6,44.5,70.6,63.7,60.6,54.1,4.02,6.29
198110,37.4,32.9,58.1,51.2,47.8,42.1,5.59,6.32
198111,32.3,26.7,49.7,40.4,41.0,33.6,2.29,3.04
198112,21.9,17.3,36.5,30.2,29.2,23.8,5.25,4.59
198201,7.6,-5.9,27.9,16.6,17.8,5.4,5.15,3.67
198202,19.3,3.0,36.7,25.1,28.0,14.0,3.35,2.68
198203,24.3,14.2,45.3,36.1,34.8,25.2,2.66,2.85
198204,32.0,26.2,56.1,46.4,44.1,36.3,5.10,3.66
198205,46.4,39.1,71.1,64.8,58.8,52.0,2.83,1.19
198206,52.7,47.3,72.4,68.4,62.6,57.8,12.09,4.87
198207,58.9,53.3,83.1,77.7,71.0,65.5,2.76,2.65
198208,55.8,49.3,77.4,71.1,66.6,60.2,3.13,4.20
198209,51.1,45.7,72.2,65.9,61.7,55.8,2.64,3.35
198210,38.2,33.6,62.0,56.1,50.1,44.9,2.38,1.45
198211,34.7,27.9,53.7,43.7,44.2,35.8,3.85,4.97
198212,27.0,16.4,44.2,34.2,35.6,25.3,1.75,2.18
198301,18.6,8.1,35.4,27.0,27.0,17.6,4.80,3.46
198302,20.0,9.0,39.0,29.9,29.5,19.4,3.79,2.76
198303,30.6,22.2,46.6,38.1,38.6,30.2,7.70,5.40
198304,37.2,32.3,56.5,49.1,46.9,40.7,11.02,7.36
198305,44.7,40.2,65.0,58.0,54.9,49.1,5.35,5.69
198306,54.6,49.0,79.8,74.8,67.2,61.9,3.11,1.79
198307,59.9,54.7,84.3,77.7,72.1,66.2,1.86,4.74
198308,59.4,53.5,81.7,76.1,70.6,64.8,3.30,3.55
198309,51.6,46.0,77.3,70.8,64.4,58.4,1.83,2.53
198310,41.1,34.1,61.1,54.6,51.1,44.3,6.35,2.92
198311,32.6,27.7,51.4,41.0,42.0,34.4,7.11,9.44
198312,20.1,9.6,37.0,27.3,28.6,18.4,6.79,6.27
198401,13.4,0.6,31.7,21.3,22.5,10.9,2.01,2.02
198402,25.6,16.2,43.0,34.7,34.3,25.4,5.31,4.11
198403,22.6,11.2,39.4,30.6,31.0,20.9,5.03,4.45
198404,36.1,29.7,56.0,50.2,46.1,39.9,5.39,2.96
198405,44.2,38.8,66.3,60.6,55.3,49.7,10.23,7.26
198406,55.8,49.0,79.6,71.2,67.7,60.1,4.00,6.13
198407,59.6,56.0,79.5,76.7,69.6,66.4,6.64,4.37
198408,61.0,56.3,81.4,77.0,71.2,66.6,1.33,2.26
198409,47.1,41.3,70.6,65.2,58.8,53.3,1.81,1.59
198410,43.6,34.4,64.8,56.9,54.2,45.7,3.49,2.36
198411,30.9,25.6,51.1,43.0,41.0,34.3,3.26,2.76
198412,26.8,14.4,44.6,31.6,35.7,23.0,2.95,3.26
198501,13.2,-0.9,30.5,18.7,21.8,8.9,1.05,1.00
198502,19.6,9.3,38.6,29.4,29.1,19.4,2.34,2.88
198503,27.4,16.0,50.5,37.2,39.0,26.6,2.44,2.76
198504,37.6,26.9,60.2,49.2,49.0,38.0,1.65,1.54
198505,46.9,37.8,71.0,63.2,59.0,50.5,4.50,3.04
198506,52.0,48.0,72.7,68.0,62.4,58.0,4.45,3.96
198507,59.3,54.3,81.6,78.1,70.5,66.2,4.61,3.84
198508,58.3,50.7,78.9,74.2,68.6,62.4,6.29,3.72
198509,52.0,45.0,73.3,67.8,62.6,56.4,4.59,3.48
198510,40.6,35.1,63.1,55.2,51.8,45.1,2.20,2.79
198511,35.0,24.8,50.6,39.1,42.8,32.0,6.69,4.37
198512,19.4,5.1,35.3,25.7,27.3,15.4,1.61,2.16
198601,18.0,5.7,36.8,26.9,27.4,16.3,4.96,5.39
198602,18.3,4.4,33.2,26.5,25.7,15.5,3.40,1.46
198603,26.5,15.7,48.4,38.3,37.4,27.0,3.18,3.46
198604,37.5,32.4,60.3,54.2,48.9,43.3,1.88,2.73
198605,46.8,40.3,71.5,63.7,59.1,52.0,1.43,3.95
198606,52.5,45.2,76.3,69.5,64.4,57.3,5.26,3.33
198607,60.3,52.8,80.1,73.0,70.2,62.9,5.65,4.80
198608,57.2,51.8,76.8,71.7,67.0,61.8,4.12,5.22
198609,50.3,41.1,70.1,63.0,60.2,52.0,1.06,3.66
198610,39.6,33.4,62.4,53.0,51.0,43.2,2.66,1.65
198611,28.6,20.7,48.0,37.6,38.3,29.2,7.10,3.83
198612,24.6,10.6,40.1,30.0,32.3,20.3,6.00,3.05
198701,16.7,2.4,34.3,23.6,25.5,13.0,5.37,3.47
198702,15.8,5.0,36.8,25.0,26.3,15.0,0.49,0.53
198703,27.6,18.4,49.0,39.5,38.3,28.9,4.29,2.92
198704,38.3,32.5,58.2,54.3,48.2,43.4,8.32,4.02
198705,45.4,38.5,70.1,64.1,57.7,51.3,2.15,2.89
198706,56.4,50.0,78.3,71.5,67.3,60.7,2.74,4.48
198707,61.7,54.5,82.9,76.0,72.3,65.3,1.91,2.39
198708,56.0,49.6,78.6,74.1,67.3,61.9,4.18,1.98
198709,51.8,44.9,70.7,65.0,61.2,55.0,5.68,5.61
198710,36.2,33.8,60.1,54.7,48.2,44.3,4.04,3.64
198711,30.8,22.8,51.3,39.9,41.0,31.4,3.02,2.74
198712,24.7,15.6,40.6,29.7,32.6,22.6,2.24,3.37
198801,12.0,2.8,32.8,25.2,22.4,14.0,3.09,2.26
198802,18.5,5.2,37.8,29.0,28.2,17.1,4.00,2.93
198803,26.5,14.8,47.7,37.2,37.1,26.0,2.89,1.40
198804,36.0,30.7,55.2,48.5,45.6,39.6,2.33,3.26
198805,46.8,41.3,68.5,65.2,57.6,53.3,3.61,2.34
198806,52.7,47.0,78.1,72.2,65.4,59.6,1.08,2.48
198807,62.4,57.1,83.7,78.1,73.1,67.6,7.30,4.64
198808,62.1,55.7,82.6,75.6,72.4,65.7,2.58,5.91
198809,48.5,43.2,72.3,64.7,60.4,54.0,2.52,1.84
198810,36.1,33.5,57.1,49.6,46.6,41.5,3.00,3.96
198811,32.0,28.1,52.0,42.9,42.0,35.5,8.98,5.94
198812,19.5,7.3,38.6,27.1,29.1,17.2,1.56,1.39
198901,20.8,5.5,39.4,27.8,30.1,16.7,1.70,1.79
198902,18.8,4.2,36.5,25.9,27.7,15.0,2.64,2.15
198903,25.4,10.8,46.8,34.7,36.1,22.7,3.42,2.49
198904,33.7,27.6,56.0,46.2,44.9,36.9,4.17,3.09
198905,46.6,43.6,69.3,65.9,57.9,54.7,9.51,7.07
198906,57.0,50.1,76.8,71.3,66.9,60.8,6.37,4.08
198907,59.6,52.3,81.2,77.8,70.4,65.0,4.59,2.31
198908,59.1,52.6,79.2,73.8,69.2,63.2,6.79,4.83
198909,51.7,44.7,72.9,67.0,62.3,55.9,4.61,3.96
198910,40.3,34.4,63.3,55.7,51.8,45.1,8.15,3.03
198911,30.9,22.3,49.4,38.5,40.1,30.4,4.35,5.08
198912,8.7,-5.4,27.1,15.5,17.9,5.0,1.25,1.94
199001,26.2,12.5,42.3,31.4,34.3,22.0,4.90,4.06
199002,22.4,4.3,42.8,28.5,32.6,16.4,3.29,2.24
199003,27.1,16.0,50.2,38.4,38.6,27.2,2.73,1.98
199004,36.8,30.4,57.5,49.5,47.2,39.9,4.88,3.56
199005,44.2,37.9,65.0,60.2,54.6,49.1,7.51,5.28
199006,55.3,50.0,77.7,72.0,66.5,61.0,2.31,4.46
199007,61.8,55.1,81.2,77.2,71.5,66.2,3.38,3.57
199008,61.0,55.1,80.1,77.3,70.5,66.2,8.09,4.87
199009,50.1,45.0,72.4,64.8,61.3,54.9,2.02,3.56
199010,45.2,38.3,66.7,55.2,55.9,46.8,7.86,7.71
199011,33.2,27.4,53.7,41.4,43.5,34.4,3.02,4.28
199012,27.3,15.7,45.4,34.0,36.3,24.8,5.69,5.61
199101,17.3,1.6,36.1,22.8,26.7,12.2,2.85,2.83
199102,23.0,8.8,42.9,31.2,32.9,20.0,2.00,1.27
199103,29.9,20.0,48.8,38.4,39.4,29.2,5.07,5.14
199104,38.8,29.9,62.3,51.9,50.6,40.9,3.05,3.69
199105,49.8,40.4,75.4,67.0,62.6,53.7,4.88,3.70
199106,55.6,49.2,80.4,73.8,68.0,61.6,1.71,2.35
199107,60.1,53.4,83.1,77.5,71.6,65.5,3.14,2.25
199108,60.4,55.1,81.0,76.3,70.7,65.7,8.34,8.17
199109,49.8,41.9,71.8,64.4,60.8,53.1,6.04,4.63
199110,42.0,37.0,63.9,55.4,53.0,46.2,3.04,4.38
199111,34.1,27.9,50.1,41.3,42.1,34.6,4.19,3.27
199112,24.3,8.5,41.8,27.1,33.1,17.8,3.46,2.56
199201,19.3,4.3,37.4,24.0,28.3,14.2,2.69,4.02
199202,20.6,5.8,39.0,26.7,29.8,16.2,2.11,2.97
199203,24.0,12.7,43.2,33.2,33.6,23.0,4.32,3.57
199204,33.9,27.1,54.7,46.7,44.3,36.9,2.76,2.15
199205,43.9,37.1,69.3,65.6,56.6,51.3,1.75,1.07
199206,52.9,48.8,75.8,71.8,64.3,60.3,6.88,4.58
199207,57.9,50.2,78.8,72.1,68.4,61.2,4.61,4.31
199208,57.0,53.6,77.2,73.0,67.1,63.3,6.14,3.65
199209,51.2,44.8,71.2,67.0,61.2,55.9,3.52,2.71
199210,37.0,33.0,59.0,50.6,48.1,41.8,2.35,3.49
199211,32.2,23.6,47.1,39.0,39.7,31.3,6.04,3.22
199212,23.1,14.8,38.5,30.1,30.8,22.5,5.62,1.76
199301,21.2,5.2,37.4,25.0,29.3,15.1,2.73,2.28
199302,12.9,-5.1,33.3,19.3,23.1,7.1,2.94,3.21
199303,23.8,12.0,42.3,37.2,33.1,24.6,6.60,3.20
199304,37.0,29.4,57.9,50.2,47.4,39.8,4.88,5.48
199305,46.6,39.5,71.7,63.8,59.2,51.6,0.97,2.32
199306,54.4,47.6,78.3,71.9,66.3,59.8,2.71,4.27
199307,60.8,54.3,84.3,76.5,72.5,65.4,3.09,2.60
199308,60.3,53.7,82.1,77.6,71.2,65.7,2.54,2.50
199309,52.4,44.3,71.2,65.9,61.8,55.1,5.99,4.38
199310,37.9,31.0,59.6,49.9,48.8,40.4,3.87,4.30
199311,30.0,23.8,51.4,41.5,40.7,32.7,3.99,4.04
199312,21.9,14.2,38.8,30.0,30.4,22.1,5.44,5.03
199401,8.3,-7.1,29.2,15.6,18.7,4.2,5.67,4.63
199402,12.9,0.0,32.7,22.7,22.8,11.4,2.83,1.41
199403,26.1,18.5,44.4,35.7,35.2,27.1,5.89,4.13
199404,36.9,28.6,60.8,48.3,48.9,38.5,2.61,4.08
199405,44.0,37.8,68.1,59.8,56.0,48.8,3.60,4.30
199406,57.9,51.7,79.6,74.8,68.8,63.2,3.66,3.89
199407,65.1,58.0,84.9,79.2,75.0,68.6,4.36,3.73
199408,58.3,51.5,78.6,73.9,68.4,62.7,6.71,2.63
199409,51.5,44.5,71.5,64.1,61.5,54.3,4.59,4.41
199410,38.6,35.1,62.8,56.7,50.7,45.9,1.17,1.52
199411,34.8,27.0,55.7,45.7,45.2,36.4,4.66,4.21
199412,26.2,15.2,44.1,32.8,35.1,24.0,4.66,2.74
199501,25.0,12.3,39.6,27.4,32.3,19.8,3.97,4.44
199502,15.8,1.8,35.8,24.3,25.8,13.0,2.84,2.60
199503,29.6,19.4,49.0,37.6,39.3,28.5,2.40,2.57
199504,33.8,25.6,56.8,46.0,45.3,35.8,2.68,2.24
199505,44.7,38.6,66.6,61.4,55.7,50.0,3.21,3.92
199506,55.5,49.6,78.6,75.5,67.0,62.6,1.68,2.36
199507,63.2,57.0,84.3,79.0,73.8,68.0,3.15,3.94
199508,57.7,52.2,82.8,77.5,70.3,64.9,2.39,1.77
199509,49.0,39.3,72.0,65.1,60.5,52.2,3.63,2.55
199510,42.8,38.7,66.2,59.0,54.5,48.8,8.97,6.70
199511,29.5,23.2,46.2,38.0,37.8,30.6,5.07,6.47
199512,18.4,8.7,33.7,25.4,26.1,17.0,2.30,3.16
199601,15.8,3.3,34.6,24.1,25.2,13.7,6.73,4.79
199602,18.5,7.6,36.3,26.2,27.4,16.9,2.68,3.73
199603,22.6,15.3,44.1,35.4,33.4,25.4,2.91,2.22
199604,35.9,30.2,57.1,47.9,46.5,39.1,7.14,4.94
199605,43.9,37.2,67.7,60.2,55.8,48.7,3.57,4.90
199606,56.7,50.3,77.4,72.2,67.1,61.2,2.97,4.34
199607,60.0,54.9,78.9,73.7,69.4,64.3,7.05,7.57
199608,59.9,52.6,79.7,75.8,69.8,64.2,2.24,1.66
199609,53.2,46.3,71.4,65.5,62.3,55.9,6.29,5.08
199610,39.4,33.9,61.3,52.6,50.3,43.3,7.17,4.12
199611,28.6,23.0,46.1,38.5,37.4,30.8,4.10,2.05
199612,29.1,21.8,42.7,34.6,35.9,28.2,7.45,5.99
199701,18.1,4.2,35.7,23.5,26.9,13.8,3.91,4.14
199702,25.0,7.1,42.9,29.2,33.9,18.2,2.07,2.61
199703,26.7,12.6,45.0,33.1,35.8,22.8,4.11,3.29
199704,34.1,26.7,56.2,47.0,45.2,36.8,4.44,2.82
199705,43.4,36.6,65.0,57.0,54.2,46.8,3.38,4.15
199706,54.0,47.7,78.5,73.7,66.3,60.7,1.93,3.28
199707,59.1,53.8,82.5,77.5,70.8,65.6,3.82,3.44
199708,58.0,51.8,78.8,73.8,68.4,62.8,6.08,4.52
199709,50.9,45.2,72.3,64.6,61.6,54.9,1.45,3.09
199710,38.3,33.6,61.6,52.7,50.0,43.2,1.83,1.43
199711,30.5,23.9,46.7,38.6,38.6,31.3,6.41,3.97
199712,23.9,11.8,40.2,29.9,32.0,20.8,3.25,2.77
199801,25.7,9.7,40.4,26.0,33.1,17.8,4.67,5.39
199802,26.9,14.1,43.6,34.3,35.2,24.2,3.97,3.57
199803,29.6,19.8,49.0,39.4,39.3,29.6,6.10,4.00
199804,37.3,30.5,59.9,52.2,48.6,41.4,4.49,3.09
199805,49.2,44.1,72.8,68.9,61.0,56.5,5.86,3.13
199806,56.0,50.4,74.4,69.1,65.2,59.7,7.42,6.81
199807,60.5,54.9,81.9,77.3,71.2,66.1,3.62,3.94
199808,60.6,52.6,82.5,77.1,71.6,64.8,2.46,2.78
199809,52.9,46.3,75.6,67.0,64.2,56.7,2.83,2.86
199810,41.6,37.1,62.1,53.3,51.8,45.2,5.07,5.04
199811,31.9,27.5,50.7,39.9,41.3,33.7,2.32,2.69
199812,26.8,17.1,46.3,35.4,36.6,26.2,1.27,1.94
199901,17.6,2.9,37.2,25.8,27.4,14.3,7.30,5.43
199902,22.5,10.3,40.8,32.4,31.7,21.4,3.73,2.22
199903,27.3,22.7,47.4,39.4,37.4,31.0,5.42,5.41
199904,35.6,30.3,60.1,50.5,47.9,40.4,1.35,0.87
199905,46.5,42.2,70.4,68.5,58.5,55.4,4.33,2.85
199906,56.7,52.3,81.0,77.3,68.8,64.8,0.85,3.37
199907,62.9,56.6,86.6,79.0,74.8,67.8,2.42,3.17
199908,59.0,52.5,80.5,75.2,69.8,63.9,2.90,3.07
199909,54.5,50.9,74.6,72.5,64.6,61.7,10.39,9.04
199910,38.4,32.3,61.7,52.5,50.1,42.4,4.48,4.43
199911,35.5,29.2,55.2,45.5,45.4,37.3,3.21,3.49
199912,24.9,17.9,42.6,32.4,33.8,25.2,2.77,3.00
200001,15.1,4.6,34.1,23.7,24.6,14.1,3.45,3.62
200002,22.2,6.8,40.4,29.7,31.3,18.2,2.59,3.11
200003,30.8,22.5,53.0,42.7,41.9,32.6,4.11,3.60
200004,36.2,30.0,56.0,48.1,46.1,39.1,5.02,5.74
200005,46.5,38.5,69.3,60.4,57.9,49.5,4.49,4.62
200006,55.2,47.9,76.9,71.0,66.0,59.4,6.22,2.65
200007,57.6,52.3,77.9,73.7,67.8,63.0,6.23,4.17
200008,58.2,52.7,77.7,73.5,67.9,63.1,3.42,2.61
200009,50.2,43.4,72.1,65.6,61.2,54.5,4.14,2.27
200010,39.7,34.4,62.4,54.8,51.1,44.6,1.14,3.37
200011,32.3,29.7,48.7,41.4,40.5,35.6,3.71,2.99
200012,17.4,9.1,34.8,26.0,26.1,17.5,4.22,4.40
200101,16.0,3.0,35.7,24.9,25.8,14.0,2.45,1.33
200102,20.1,4.8,38.9,27.2,29.5,16.0,2.56,2.69
200103,26.3,14.1,42.0,34.4,34.1,24.2,7.68,3.71
200104,35.8,27.0,60.0,49.1,47.9,38.1,1.59,1.00
200105,46.6,40.4,71.1,68.4,58.9,54.4,4.11,2.06
200106,57.0,51.8,79.2,74.3,68.1,63.0,6.40,3.76
200107,56.4,53.3,80.0,75.2,68.2,64.2,2.19,3.76
200108,62.3,54.4,83.3,79.7,72.8,67.0,3.84,1.53
200109,51.0,45.9,74.0,69.4,62.5,57.7,3.93,3.70
200110,40.6,36.0,64.8,58.2,52.7,47.1,1.26,1.96
200111,34.8,29.9,55.7,44.9,45.3,37.4,1.08,2.23
200112,28.4,21.2,45.8,36.1,37.1,28.7,2.45,2.10
200201,24.7,12.9,41.9,29.2,33.3,21.0,1.94,2.66
200202,23.2,10.2,44.9,30.6,34.1,20.4,1.67,3.25
200203,28.2,17.3,48.9,36.5,38.6,26.9,4.12,3.52
200204,38.7,30.8,61.4,49.0,50.1,39.9,3.75,4.42
200205,43.6,37.1,66.6,60.6,55.1,48.8,5.21,3.40
200206,53.8,47.0,77.1,69.6,65.5,58.3,5.03,4.17
200207,61.3,54.5,84.2,76.6,72.8,65.6,2.59,3.96
200208,60.7,54.1,83.1,79.3,71.9,66.7,3.62,0.98
200209,54.1,47.2,75.5,71.3,64.8,59.3,4.82,4.25
200210,40.1,32.5,59.0,50.9,49.6,41.7,4.30,3.06
200211,31.8,23.6,48.3,37.8,40.0,30.7,5.68,4.21
200212,21.8,12.4,37.8,29.7,29.8,21.1,4.69,3.10
200301,13.5,-0.1,29.2,18.5,21.4,9.2,2.65,1.31
200302,14.9,1.8,32.8,22.7,23.8,12.2,3.82,2.66
200303,24.1,12.7,47.8,35.7,36.0,24.2,4.30,3.51
200304,33.9,24.6,55.1,46.8,44.5,35.7,3.28,1.92
200305,44.5,38.7,65.5,60.6,55.0,49.6,4.72,3.49
200306,55.1,49.3,74.3,73.2,64.7,61.2,7.18,3.27
200307,60.9,55.5,82.0,76.2,71.5,65.9,3.01,3.47
200308,63.0,56.4,81.5,75.7,72.2,66.0,5.04,3.53
200309,53.9,47.0,72.7,69.7,63.3,58.4,7.70,4.20
200310,38.8,35.4,59.9,53.8,49.3,44.6,6.07,7.93
200311,34.6,27.1,53.0,43.6,43.8,35.4,3.17,4.40
200312,23.8,14.3,41.0,31.9,32.4,23.0,5.18,6.33
200401,10.5,-2.0,26.9,14.8,18.7,6.4,1.89,0.97
200402,18.9,7.1,38.1,29.0,28.5,18.0,2.17,1.44
200403,29.0,18.9,47.0,38.5,38.0,28.7,2.97,1.61
200404,37.2,29.1,58.8,50.0,48.0,39.6,7.02,3.41
200405,48.1,40.3,71.7,63.6,59.9,51.9,3.59,3.79
200406,53.9,46.0,76.1,69.1,65.0,57.5,1.99,2.77
200407,60.4,54.7,79.5,74.4,70.0,64.6,4.54,4.68
200408,60.1,54.5,79.0,74.8,69.6,64.6,5.52,6.38
200409,53.6,44.4,73.9,68.0,63.8,56.2,8.39,2.74
200410,41.5,35.3,60.4,55.7,50.9,45.5,2.21,2.46
200411,32.0,25.2,51.8,41.3,41.9,33.2,3.95,4.19
200412,21.6,9.9,40.0,28.2,30.8,19.1,4.37,4.36
200501,15.8,1.0,32.8,21.9,24.3,11.5,4.85,2.34
200502,19.5,8.5,39.9,30.8,29.7,19.6,2.49,2.53
200503,22.5,14.6,42.1,35.5,32.3,25.0,4.01,4.27
200504,36.4,30.5,62.1,51.7,49.3,41.1,5.50,7.30
200505,42.5,38.4,63.6,56.1,53.1,47.2,2.59,5.87
200506,58.5,51.5,80.6,75.0,69.6,63.2,2.39,3.44
200507,62.2,54.9,82.5,78.3,72.4,66.6,3.62,3.89
200508,62.3,54.1,83.8,77.0,73.0,65.5,2.05,4.44
200509,54.1,47.6,77.9,69.5,66.0,58.5,2.39,4.68
200510,44.5,39.7,60.9,54.6,52.7,47.2,15.92,11.26
200511,32.3,27.3,53.7,43.2,43.0,35.3,4.64,6.27
200512,20.3,13.6,37.1,29.1,28.7,21.3,4.23,5.30
200601,24.6,14.0,42.7,31.2,33.7,22.6,5.91,4.28
200602,20.2,10.5,38.8,27.5,29.5,19.0,2.48,2.51
200603,26.3,19.7,47.0,38.3,36.7,29.0,0.72,1.20
200604,36.5,31.0,61.5,53.6,49.0,42.3,4.84,2.35
200605,47.0,42.6,67.4,63.7,57.2,53.2,7.17,5.90
200606,58.0,53.8,76.2,72.8,67.1,63.3,9.21,7.39
200607,63.9,58.3,84.4,79.5,74.1,68.9,3.15,5.46
200608,59.3,50.8,80.4,72.5,69.8,61.7,5.26,3.84
200609,50.9,45.1,71.4,67.0,61.2,56.1,3.00,2.96
200610,40.1,35.9,61.9,53.9,51.0,44.9,7.06,7.85
200611,37.8,31.8,54.7,46.0,46.3,38.9,6.08,4.97
200612,29.1,20.1,46.8,35.5,38.0,27.8,2.13,2.94
200701,22.9,7.9,39.6,26.7,31.3,17.3,3.43,2.61
200702,14.9,1.0,31.7,22.3,23.3,11.6,2.01,2.06
200703,23.8,15.2,46.3,36.5,35.1,25.8,5.24,4.14
200704,34.6,27.5,55.0,46.4,44.8,37.0,8.57,6.48
200705,46.4,38.8,72.8,63.6,59.6,51.2,1.88,3.20
200706,55.2,49.3,78.0,72.9,66.6,61.1,3.54,3.05
200707,60.3,53.7,81.5,75.4,70.9,64.6,4.94,3.56
200708,59.2,51.6,81.3,75.4,70.3,63.5,2.25,4.14
200709,52.5,45.4,76.8,69.1,64.6,57.2,1.79,2.38
200710,47.6,39.9,68.0,59.3,57.8,49.6,3.76,4.85
200711,30.6,24.2,49.2,39.2,39.9,31.7,3.16,6.90
200712,22.7,9.7,37.6,26.4,30.2,18.0,4.97,4.26
200801,20.6,9.0,38.8,28.3,29.7,18.6,2.45,2.91
200802,21.0,8.6,38.6,28.5,29.8,18.5,8.34,5.36
200803,26.7,12.2,46.3,34.0,36.5,23.1,5.51,4.62
200804,37.1,30.0,62.0,53.1,49.6,41.5,3.58,4.24
200805,43.4,37.8,66.8,62.2,55.1,50.0,2.66,1.65
200806,57.8,51.5,79.4,70.8,68.6,61.2,4.69,6.16
200807,63.2,57.1,83.3,78.3,73.3,67.7,5.66,4.91
200808,56.8,53.6,78.8,72.7,67.8,63.1,3.95,5.41
200809,53.4,45.6,73.2,66.9,63.3,56.2,9.06,6.01
200810,38.7,34.7,61.2,53.7,50.0,44.2,3.04,4.09
200811,32.1,27.9,48.8,42.1,40.5,35.0,3.67,5.34
200812,23.3,10.3,41.2,30.2,32.2,20.2,6.92,5.32
200901,12.0,-3.2,30.1,19.0,21.0,7.9,3.00,2.57
200902,20.2,8.4,40.1,29.3,30.2,18.9,1.48,2.65
200903,26.5,14.8,47.0,37.5,36.8,26.2,2.35,2.45
200904,37.9,30.8,60.7,52.9,49.3,41.9,3.95,3.97
200905,46.9,39.2,68.6,62.9,57.8,51.1,3.91,4.07
200906,55.2,49.1,72.8,68.3,64.0,58.7,6.94,6.70
200907,58.6,54.3,78.7,71.7,68.7,63.0,8.82,6.71
200908,61.9,55.4,81.4,76.8,71.7,66.1,3.76,3.98
200909,50.2,42.5,71.8,67.2,61.0,54.9,1.98,1.75
200910,40.2,33.7,58.8,48.8,49.5,41.2,6.08,5.53
200911,37.9,29.7,54.2,47.4,46.0,38.5,2.74,4.77
200912,22.1,14.7,38.1,29.2,30.1,21.9,5.49,4.31
201001,19.0,12.4,35.0,28.2,27.0,20.3,2.94,3.07
201002,23.2,18.5,36.4,30.6,29.8,24.6,4.51,2.67
201003,33.5,24.7,52.5,44.4,43.0,34.6,9.95,5.11
201004,39.5,34.0,64.4,55.8,52.0,44.9,1.70,2.82
201005,48.4,41.7,73.4,67.4,60.9,54.6,2.94,2.09
201006,58.2,50.1,79.6,71.4,68.9,60.8,3.36,5.54
201007,64.1,58.9,86.0,79.6,75.1,69.2,3.53,2.87
201008,60.4,53.4,81.5,77.0,71.0,65.2,3.58,2.33
201009,55.1,49.2,76.2,67.5,65.6,58.3,2.62,5.37
201010,42.8,36.5,62.9,53.8,52.8,45.2,5.47,5.93
201011,32.7,26.7,51.1,42.3,41.9,34.5,3.38,5.20
201012,20.5,16.3,35.8,30.5,28.2,23.4,4.56,6.31
201101,13.9,7.2,32.4,24.6,23.2,15.9,3.36,1.89
201102,15.9,5.5,38.2,26.8,27.1,16.2,3.84,2.95
201103,27.6,16.6,46.2,37.0,37.0,26.8,4.74,4.93
201104,39.2,28.9,58.7,49.0,48.9,39.0,5.52,4.75
201105,49.7,42.6,69.6,61.1,59.7,51.9,4.87,5.49
201106,56.6,49.5,77.3,71.0,66.9,60.2,6.15,4.06
201107,63.2,56.0,85.1,79.1,74.1,67.6,2.17,3.69
201108,61.0,55.0,80.6,74.8,70.8,64.8,11.56,7.44
201109,57.3,48.6,75.4,69.2,66.4,59.0,7.78,3.89
201110,44.0,39.7,62.8,55.5,53.4,47.6,5.60,4.97
201111,35.6,29.0,56.1,48.5,45.9,38.8,3.57,2.49
201112,27.6,17.0,46.3,35.0,36.9,26.0,4.53,3.49
201201,22.7,8.9,40.6,27.4,31.7,18.2,2.86,3.10
201202,25.5,11.3,44.5,31.6,35.0,21.4,1.09,1.76
201203,35.2,23.5,56.3,45.1,45.8,34.3,1.30,1.94
201204,37.9,31.1,61.5,53.4,49.7,42.2,3.00,4.14
201205,51.9,43.4,71.3,64.2,61.6,53.8,3.94,4.68
201206,55.8,49.8,76.9,70.7,66.4,60.2,4.30,7.58
201207,63.2,56.0,84.9,79.2,74.1,67.6,3.78,1.89
201208,61.5,56.6,82.5,78.2,72.0,67.4,3.85,4.29
201209,53.1,44.5,73.4,67.3,63.3,55.9,5.41,4.91
201210,45.8,39.3,63.5,57.0,54.7,48.2,4.36,6.69
201211,30.7,24.5,48.0,41.0,39.4,32.7,0.80,1.29
201212,28.5,16.6,43.3,32.2,35.9,24.4,4.70,5.11
201301,20.2,5.7,37.4,26.0,28.8,15.8,1.72,1.42
201302,21.5,11.3,37.0,28.8,29.2,20.0,3.62,3.06
201303,28.0,22.5,43.9,38.2,36.0,30.3,2.35,2.45
201304,36.0,28.2,58.6,50.0,47.3,39.1,1.49,1.98
201305,46.0,40.2,70.4,64.4,58.2,52.3,4.47,5.67
201306,57.3,50.3,78.0,71.3,67.7,60.8,10.60,6.55
201307,67.1,57.7,84.7,78.8,75.9,68.3,3.67,4.89
201308,58.5,52.7,78.8,74.7,68.7,63.7,3.92,4.60
201309,50.3,46.6,72.5,66.9,61.4,56.7,2.84,5.42
201310,42.4,37.0,64.4,57.6,53.4,47.3,1.36,1.70
201311,29.8,24.0,49.7,40.6,39.8,32.3,3.70,4.11
201312,22.7,9.3,39.4,24.6,31.0,17.0,3.65,3.76
201401,14.2,4.9,33.0,23.6,23.6,14.2,2.80,3.41
201402,15.3,4.9,34.8,26.5,25.0,15.7,3.42,2.85
201403,20.3,6.4,40.8,29.9,30.6,18.1,4.22,3.80
201404,35.1,28.0,58.3,49.4,46.7,38.7,4.38,3.44
201405,47.3,41.1,69.3,62.2,58.3,51.7,4.79,3.99
201406,55.9,50.0,77.8,73.2,66.8,61.6,2.41,4.58
201407,62.1,56.6,81.8,77.9,71.9,67.2,4.84,6.65
201408,57.6,53.5,79.2,75.2,68.4,64.4,3.05,3.34
201409,52.7,44.8,74.6,68.1,63.6,56.4,1.39,1.61
201410,44.8,40.1,63.4,56.9,54.1,48.5,4.67,6.20
201411,30.7,24.2,48.7,39.4,39.7,31.8,4.16,3.50
201412,28.6,19.4,42.1,32.5,35.4,26.0,4.88,6.08
201501,14.2,0.7,32.4,22.7,23.3,11.7,3.47,3.17
201502,4.4,-5.8,27.3,16.1,15.8,5.2,2.01,1.74
201503,21.1,10.2,40.9,33.0,31.0,21.6,3.05,1.78
201504,35.8,27.2,58.2,48.5,47.0,37.8,2.74,3.08
201505,49.8,42.8,75.5,68.7,62.7,55.7,1.21,2.80
201506,55.2,47.4,75.3,67.5,65.3,57.5,6.35,5.79
201507,61.6,54.0,82.7,75.5,72.2,64.8,2.81,3.61
201508,60.9,56.8,83.1,77.5,72.0,67.2,2.14,3.90
201509,55.8,49.9,79.7,73.7,67.8,61.8,3.62,4.82
201510,40.1,33.1,62.7,53.2,51.4,43.2,3.31,4.73
201511,36.1,28.7,56.0,45.3,46.1,37.0,2.23,2.43
201512,35.5,24.9,51.5,37.4,43.5,31.2,4.14,5.31
201601,20.9,11.4,38.5,28.7,29.7,20.1,2.14,2.50
201602,21.3,11.4,42.6,32.3,32.0,21.9,4.94,4.74
201603,32.7,19.8,53.6,38.6,43.2,29.2,2.16,3.74
201604,35.4,25.6,58.2,49.1,46.8,37.3,2.86,2.53
201605,47.5,41.1,69.3,64.4,58.4,52.8,3.33,2.56
201606,56.0,48.9,78.9,72.0,67.4,60.5,1.78,3.41
201607,63.2,56.2,85.0,77.7,74.1,67.0,3.32,3.78
201608,63.2,55.2,84.5,77.9,73.9,66.6,3.70,4.15
201609,55.7,47.8,76.7,70.3,66.2,59.1,1.92,1.58
201610,42.9,37.4,64.1,56.4,53.5,46.9,3.88,3.98
201611,33.3,30.0,53.7,44.4,43.5,37.2,3.24,3.82
201612,24.0,11.6,41.3,29.3,32.6,20.5,3.46,4.57
201701,25.4,13.2,40.1,29.9,32.7,21.5,3.56,3.83
201702,24.9,10.5,44.4,30.7,34.6,20.6,2.14,3.11
201703,24.1,12.4,42.8,31.9,33.4,22.2,3.33,2.69
201704,41.3,32.6,62.4,51.4,51.8,42.0,4.71,4.11
201705,46.9,40.6,66.4,60.7,56.7,50.7,5.35,5.67
201706,56.0,49.9,77.9,72.0,67.0,61.0,3.54,3.73
201707,61.5,54.1,81.6,76.4,71.5,65.2,4.38,2.84
201708,58.6,51.7,79.6,74.9,69.1,63.3,2.62,2.45
201709,55.8,49.9,76.2,72.3,66.0,61.1,2.30,3.08
201710,47.6,41.1,69.6,62.8,58.6,52.0,8.26,7.17
201711,31.0,23.3,51.0,41.5,41.0,32.4,1.62,2.77
201712,21.3,8.2,36.1,24.6,28.7,16.4,2.29,3.87
201801,16.3,5.9,34.6,24.1,25.4,15.0,3.86,4.78
201802,26.6,12.0,44.7,33.3,35.7,22.7,5.28,3.02
201803,28.4,20.8,44.5,37.1,36.4,28.9,3.47,2.95
201804,33.2,26.7,53.7,46.4,43.4,36.5,5.39,4.65
201805,50.8,39.3,73.6,67.7,62.2,53.5,2.67,1.92
201806,55.8,46.7,77.0,71.2,66.4,59.0,3.79,3.69
201807,63.5,57.4,84.5,80.3,74.0,68.8,5.32,4.06
201808,65.3,57.4,83.4,78.6,74.3,68.0,5.68,3.78
201809,58.1,46.5,74.1,69.3,66.1,57.9,8.56,3.15
201810,43.3,34.4,61.2,49.4,52.3,41.9,4.99,4.48
201811,31.6,22.1,46.5,35.0,39.1,28.6,8.09,6.18
201812,25.8,11.2,41.9,29.5,33.8,20.4,5.06,3.79
201901,18.3,4.2,35.8,24.0,27.0,14.1,5.90,5.25
201902,21.8,6.4,38.7,26.3,30.2,16.3,3.01,2.87
201903,25.5,13.4,44.5,36.0,35.0,24.7,2.76,2.19
201904,39.2,30.0,58.9,47.6,49.1,38.8,7.32,5.37
201905,47.5,37.9,66.7,58.3,57.1,48.1,4.82,4.49
201906,56.3,47.8,76.7,71.2,66.5,59.5,3.42,4.69
201907,64.1,56.3,85.8,80.4,74.9,68.3,4.20,3.31
201908,60.0,53.2,81.2,75.7,70.6,64.5,3.96,4.80
201909,52.0,44.6,74.3,66.0,63.2,55.3,1.86,3.46
201910,44.6,37.1,62.6,55.1,53.6,46.1,7.19,5.73
201911,28.8,22.1,47.4,37.0,38.1,29.6,2.87,4.08
201912,23.8,14.7,39.7,30.8,31.7,22.8,6.60,3.75
202001,24.6,12.7,41.5,29.0,33.0,20.8,2.05,3.06
202002,25.8,9.5,42.0,30.7,33.9,20.1,3.24,2.85
202003,31.7,19.6,51.1,39.7,41.4,29.6,3.88,2.70
202004,34.9,27.9,54.0,47.5,44.4,37.7,5.19,4.17
202005,44.9,38.7,67.8,63.6,56.4,51.2,2.69,2.62
202006,56.6,50.1,80.2,74.9,68.4,62.5,2.47,2.29
202007,65.4,58.6,85.8,79.2,75.6,68.9,3.06,3.85
202008,62.2,54.4,82.9,76.8,72.6,65.6,2.43,2.81
202009,52.5,44.7,74.4,69.0,63.5,56.8,2.16,1.00
202010,44.0,35.6,62.5,53.7,53.2,44.7,5.31,6.12
202011,34.5,28.0,56.3,46.0,45.4,37.0,4.51,3.83
202012,25.2,20.4,42.0,34.1,33.6,27.2,6.38,5.33
202101,21.8,14.9,36.5,28.0,29.2,21.4,2.12,1.89
202102,21.2,9.0,35.9,28.0,28.5,18.5,3.04,2.90
202103,28.1,18.1,50.5,40.7,39.3,29.4,2.65,1.98
202104,37.4,32.0,60.0,54.3,48.7,43.2,3.03,3.24
202105,46.3,39.8,69.3,64.9,57.8,52.4,5.51,2.74
202106,58.1,52.8,80.4,77.0,69.2,64.9,1.99,2.22
202107,62.3,54.0,79.9,73.4,71.1,63.7,9.35,5.46
202108,64.0,57.9,81.6,78.6,72.8,68.2,5.08,2.66
202109,55.9,48.9,74.5,69.1,65.2,59.0,8.19,6.46
202110,47.8,41.3,65.8,59.1,56.8,50.2,5.99,3.78
202111,30.6,27.0,51.4,43.6,41.0,35.3,1.99,3.28
202112,29.5,16.4,44.6,32.5,37.0,24.5,2.13,3.14
202201,14.5,-0.3,34.0,21.9,24.2,10.8,2.59,2.42
202202,19.7,8.0,41.6,30.5,30.6,19.2,4.08,3.82
202203,28.9,19.8,49.1,38.2,39.0,29.0,2.85,3.33
202204,37.0,30.9,58.3,50.3,47.6,40.6,4.75,4.46
202205,50.0,41.0,71.4,67.8,60.7,54.4,2.66,2.82
202206,55.3,48.6,77.4,71.5,66.3,60.1,3.45,3.27
202207,63.0,55.4,85.4,80.1,74.2,67.8,2.08,4.48
202208,63.8,57.0,85.3,77.5,74.5,67.3,2.60,4.95
202209,53.6,47.2,73.6,67.1,63.6,57.2,6.23,4.62
202210,42.0,37.6,62.9,60.7,52.5,49.2,4.43,5.73
202211,35.0,28.4,55.3,46.4,45.2,37.4,3.09,4.52
202212,24.4,20.6,42.5,34.5,33.5,27.6,5.03,5.53
202301,30.1,16.9,44.0,31.5,37.0,24.2,5.91,5.42
202302,23.6,7.3,43.6,29.0,33.6,18.2,1.30,1.68
202303,29.6,21.4,48.0,39.0,38.8,30.2,3.74,2.29
202304,39.5,31.2,62.6,52.2,51.0,41.7,4.86,2.50
202305,43.8,38.1,70.1,64.4,57.0,51.3,3.18,4.10
202306,54.9,50.6,75.9,69.1,65.4,59.9,2.50,6.43
202307,64.9,60.5,84.6,79.4,74.8,70.0,10.48,5.49
202308,60.1,54.1,79.0,72.7,69.6,63.4,4.72,6.78
202309,55.8,50.5,74.5,71.1,65.2,60.8,10.48,5.05
202310,46.2,43.2,66.2,59.9,56.2,51.6,3.38,5.14
202311,29.6,23.6,49.8,39.7,39.7,31.6,2.14,2.54
202312,30.7,21.4,46.4,36.1,38.5,28.8,8.58,6.63
202401,24.4,12.3,38.2,28.0,31.3,20.2,7.42,3.65
202402,24.3,13.8,42.6,33.8,33.4,23.8,1.84,1.13
202403,33.0,24.2,51.5,40.4,42.3,32.3,8.30,7.74
202404,37.9,30.0,59.0,51.4,48.4,40.7,4.41,2.91
202405,50.8,43.8,71.5,66.4,61.2,55.2,5.02,2.98
202406,58.7,52.5,81.6,75.2,70.2,63.9,4.02,4.47
202407,65.1,59.0,84.4,80.2,74.8,69.6,5.09,4.75
Date,Value,Value,Value,Value,Value,Value,Value,Value
